Animal_ID,Pub_#,Sex_0f_1m,Treatment_Group_0UIC_1PIC_2Zika,Age_Weeks,Question_#,Orientation_Scores_02,Neuromotor_Scores_02,Motor_Scores_02,Temperament_Scores_02
a,1,1,2,2,1,2,2,2,1
a,1,1,2,2,2,2,2,1,1.5
a,1,1,2,2,3,2,2,1,1
a,1,1,2,2,4,2,1,,0
a,1,1,2,2,5,2,2,,1
a,1,1,2,2,6,2,1,,0
a,1,1,2,2,7,2,2,,0
a,1,1,2,2,8,2,2,,0
a,1,1,2,2,9,2,2,,0
a,1,1,2,2,10,,1.5,,
a,1,1,2,2,11,,2,,
a,1,1,2,2,12,,2,,
a,1,1,2,2,13,,1,,
a,1,1,2,2,14,,2,,
a,1,1,2,2,15,,2,,
a,1,1,2,2,16,,2,,
a,1,1,2,2,17,,1,,
a,1,1,2,2,18,,0.5,,
a,1,1,2,2,19,,2,,
a,1,1,2,2,20,,2,,
a,1,1,2,2,21,,2,,
a,1,1,2,3,1,2,2,2,0
a,1,1,2,3,2,2,2,1,0.5
a,1,1,2,3,3,2,1,1,1
a,1,1,2,3,4,2,1,,0
a,1,1,2,3,5,2,2,,0
a,1,1,2,3,6,2,2,,0.5
a,1,1,2,3,7,2,1,,0
a,1,1,2,3,8,2,2,,0
a,1,1,2,3,9,2,0,,1
a,1,1,2,3,10,,0,,
a,1,1,2,3,11,,2,,
a,1,1,2,3,12,,2,,
a,1,1,2,3,13,,2,,
a,1,1,2,3,14,,2,,
a,1,1,2,3,15,,2,,
a,1,1,2,3,16,,2,,
a,1,1,2,3,17,,2,,
a,1,1,2,3,18,,0.5,,
a,1,1,2,3,19,,2,,
a,1,1,2,3,20,,2,,
a,1,1,2,3,21,,2,,
a,1,1,2,4,1,2,2,2,0
a,1,1,2,4,2,2,2,1,0
a,1,1,2,4,3,2,2,2,0
a,1,1,2,4,4,2,2,,0
a,1,1,2,4,5,1,1.5,,0
a,1,1,2,4,6,2,1.5,,0
a,1,1,2,4,7,2,2,,0
a,1,1,2,4,8,2,2,,0
a,1,1,2,4,9,2,1,,0
a,1,1,2,4,10,,1.5,,
a,1,1,2,4,11,,2,,
a,1,1,2,4,12,,2,,
a,1,1,2,4,13,,2,,
a,1,1,2,4,14,,2,,
a,1,1,2,4,15,,2,,
a,1,1,2,4,16,,2,,
a,1,1,2,4,17,,2,,
a,1,1,2,4,18,,1,,
a,1,1,2,4,19,,2,,
a,1,1,2,4,20,,2,,
a,1,1,2,4,21,,2,,
a,1,1,2,5,1,2,2,2,0
a,1,1,2,5,2,2,1.5,1,0
a,1,1,2,5,3,2,2,1,0
a,1,1,2,5,4,2,2,,0
a,1,1,2,5,5,2,1,,0
a,1,1,2,5,6,2,2,,0
a,1,1,2,5,7,2,2,,0
a,1,1,2,5,8,2,2,,0
a,1,1,2,5,9,2,1,,0
a,1,1,2,5,10,,1,,
a,1,1,2,5,11,,2,,
a,1,1,2,5,12,,2,,
a,1,1,2,5,13,,2,,
a,1,1,2,5,14,,2,,
a,1,1,2,5,15,,2,,
a,1,1,2,5,16,,2,,
a,1,1,2,5,17,,2,,
a,1,1,2,5,18,,,,
a,1,1,2,5,19,,2,,
a,1,1,2,5,20,,2,,
a,1,1,2,5,21,,2,,
a,1,1,2,6,1,2,1,2,0
a,1,1,2,6,2,2,2,1.5,0
a,1,1,2,6,3,2,1,1,0
a,1,1,2,6,4,2,2,,0
a,1,1,2,6,5,2,2,,0.5
a,1,1,2,6,6,2,1,,0.5
a,1,1,2,6,7,2,2,,0
a,1,1,2,6,8,2,1,,0
a,1,1,2,6,9,2,2,,0
a,1,1,2,6,10,,0,,
a,1,1,2,6,11,,2,,
a,1,1,2,6,12,,2,,
a,1,1,2,6,13,,2,,
a,1,1,2,6,14,,2,,
a,1,1,2,6,15,,2,,
a,1,1,2,6,16,,2,,
a,1,1,2,6,17,,2,,
a,1,1,2,6,18,,0.5,,
a,1,1,2,6,19,,2,,
a,1,1,2,6,20,,2,,
a,1,1,2,6,21,,2,,
a,1,1,2,7,1,2,0.5,2,0
a,1,1,2,7,2,2,0,1,0
a,1,1,2,7,3,2,0,1,0
a,1,1,2,7,4,2,1,,0
a,1,1,2,7,5,2,2,,0.5
a,1,1,2,7,6,2,2,,0.5
a,1,1,2,7,7,2,2,,0
a,1,1,2,7,8,2,2,,0
a,1,1,2,7,9,2,1,,0
a,1,1,2,7,10,,2,,
a,1,1,2,7,11,,2,,
a,1,1,2,7,12,,2,,
a,1,1,2,7,13,,2,,
a,1,1,2,7,14,,2,,
a,1,1,2,7,15,,2,,
a,1,1,2,7,16,,2,,
a,1,1,2,7,17,,2,,
a,1,1,2,7,18,,2,,
a,1,1,2,7,19,,2,,
a,1,1,2,7,20,,2,,
a,1,1,2,7,21,,2,,
a,1,1,2,8,1,2,,2,0.5
a,1,1,2,8,2,2,,2,1
a,1,1,2,8,3,1,,2,0
a,1,1,2,8,4,2,,,0
a,1,1,2,8,5,2,,,0.5
a,1,1,2,8,6,1.5,,,0.5
a,1,1,2,8,7,1.5,,,0
a,1,1,2,8,8,2,,,0
a,1,1,2,8,9,2,,,0
a,1,1,2,8,10,,,,
a,1,1,2,8,11,,,,
a,1,1,2,8,12,,,,
a,1,1,2,8,13,,,,
a,1,1,2,8,14,,,,
a,1,1,2,8,15,,,,
a,1,1,2,8,16,,,,
a,1,1,2,8,17,,,,
a,1,1,2,8,18,,,,
a,1,1,2,8,19,,,,
a,1,1,2,8,20,,,,
a,1,1,2,8,21,,,,
a,1,1,2,9,1,2,,2,0
a,1,1,2,9,2,2,,2,1
a,1,1,2,9,3,2,,2,0
a,1,1,2,9,4,2,,,0
a,1,1,2,9,5,2,,,0.5
a,1,1,2,9,6,2,,,0.5
a,1,1,2,9,7,2,,,0
a,1,1,2,9,8,2,,,0
a,1,1,2,9,9,2,,,0
a,1,1,2,9,10,,,,
a,1,1,2,9,11,,,,
a,1,1,2,9,12,,,,
a,1,1,2,9,13,,,,
a,1,1,2,9,14,,,,
a,1,1,2,9,15,,,,
a,1,1,2,9,16,,,,
a,1,1,2,9,17,,,,
a,1,1,2,9,18,,,,
a,1,1,2,9,19,,,,
a,1,1,2,9,20,,,,
a,1,1,2,9,21,,2,,
b,2,1,2,2,1,2,1,2,1
b,2,1,2,2,2,2,1,2,1
b,2,1,2,2,3,2,1,1,0
b,2,1,2,2,4,2,0.5,,0
b,2,1,2,2,5,2,1,,0
b,2,1,2,2,6,2,2,,0
b,2,1,2,2,7,2,1,,0
b,2,1,2,2,8,2,2,,0
b,2,1,2,2,9,2,2,,0
b,2,1,2,2,10,,2,,
b,2,1,2,2,11,,2,,
b,2,1,2,2,12,,2,,
b,2,1,2,2,13,,2,,
b,2,1,2,2,14,,1,,
b,2,1,2,2,15,,2,,
b,2,1,2,2,16,,2,,
b,2,1,2,2,17,,1,,
b,2,1,2,2,18,,0.5,,
b,2,1,2,2,19,,2,,
b,2,1,2,2,20,,2,,
b,2,1,2,2,21,,2,,
b,2,1,2,3,1,2,2,2,1.5
b,2,1,2,3,2,2,2,0.5,1
b,2,1,2,3,3,2,1,1,0
b,2,1,2,3,4,2,2,,0
b,2,1,2,3,5,2,2,,1
b,2,1,2,3,6,2,0,,0.5
b,2,1,2,3,7,2,2,,0
b,2,1,2,3,8,2,1,,0
b,2,1,2,3,9,2,2,,0
b,2,1,2,3,10,,2,,
b,2,1,2,3,11,,0,,
b,2,1,2,3,12,,0,,
b,2,1,2,3,13,,2,,
b,2,1,2,3,14,,2,,
b,2,1,2,3,15,,2,,
b,2,1,2,3,16,,2,,
b,2,1,2,3,17,,2,,
b,2,1,2,3,18,,0.5,,
b,2,1,2,3,19,,2,,
b,2,1,2,3,20,,2,,
b,2,1,2,3,21,,2,,
b,2,1,2,4,1,2,2,1.5,0
b,2,1,2,4,2,2,2,0,1
b,2,1,2,4,3,2,2,2,1
b,2,1,2,4,4,2,1,,0
b,2,1,2,4,5,2,0,,1
b,2,1,2,4,6,2,0,,0.5
b,2,1,2,4,7,2,0,,0
b,2,1,2,4,8,2,2,,0
b,2,1,2,4,9,2,1,,0
b,2,1,2,4,10,,1,,
b,2,1,2,4,11,,2,,
b,2,1,2,4,12,,2,,
b,2,1,2,4,13,,2,,
b,2,1,2,4,14,,2,,
b,2,1,2,4,15,,2,,
b,2,1,2,4,16,,2,,
b,2,1,2,4,17,,2,,
b,2,1,2,4,18,,1,,
b,2,1,2,4,19,,2,,
b,2,1,2,4,20,,2,,
b,2,1,2,4,21,,2,,
b,2,1,2,5,1,2,1,2,0
b,2,1,2,5,2,2,2,1.5,0
b,2,1,2,5,3,2,2,2,0.5
b,2,1,2,5,4,2,1,,0
b,2,1,2,5,5,2,0,,0.5
b,2,1,2,5,6,2,2,,0.5
b,2,1,2,5,7,2,0,,0
b,2,1,2,5,8,2,1,,0
b,2,1,2,5,9,2,1,,1
b,2,1,2,5,10,,2,,
b,2,1,2,5,11,,2,,
b,2,1,2,5,12,,0,,
b,2,1,2,5,13,,2,,
b,2,1,2,5,14,,2,,
b,2,1,2,5,15,,2,,
b,2,1,2,5,16,,2,,
b,2,1,2,5,17,,2,,
b,2,1,2,5,18,,1,,
b,2,1,2,5,19,,2,,
b,2,1,2,5,20,,2,,
b,2,1,2,5,21,,2,,
b,2,1,2,6,1,2,2,2,0
b,2,1,2,6,2,2,2,2,0
b,2,1,2,6,3,2,0,2,0
b,2,1,2,6,4,2,1,,0
b,2,1,2,6,5,2,0,,0
b,2,1,2,6,6,2,1,,0
b,2,1,2,6,7,2,0,,0
b,2,1,2,6,8,2,1,,0
b,2,1,2,6,9,2,2,,0
b,2,1,2,6,10,,2,,
b,2,1,2,6,11,,0,,
b,2,1,2,6,12,,2,,
b,2,1,2,6,13,,2,,
b,2,1,2,6,14,,2,,
b,2,1,2,6,15,,2,,
b,2,1,2,6,16,,1,,
b,2,1,2,6,17,,2,,
b,2,1,2,6,18,,0.5,,
b,2,1,2,6,19,,2,,
b,2,1,2,6,20,,2,,
b,2,1,2,6,21,,2,,
b,2,1,2,7,1,2,1,2,0
b,2,1,2,7,2,2,1,2,0
b,2,1,2,7,3,2,1,2,0
b,2,1,2,7,4,2,0,,0
b,2,1,2,7,5,2,1,,0
b,2,1,2,7,6,2,1.5,,0
b,2,1,2,7,7,2,1,,0
b,2,1,2,7,8,2,1,,0
b,2,1,2,7,9,2,2,,0
b,2,1,2,7,10,,2,,
b,2,1,2,7,11,,0,,
b,2,1,2,7,12,,0,,
b,2,1,2,7,13,,2,,
b,2,1,2,7,14,,2,,
b,2,1,2,7,15,,2,,
b,2,1,2,7,16,,2,,
b,2,1,2,7,17,,2,,
b,2,1,2,7,18,,2,,
b,2,1,2,7,19,,2,,
b,2,1,2,7,20,,2,,
b,2,1,2,7,21,,2,,
b,2,1,2,8,1,1,,2,0
b,2,1,2,8,2,1,,2,0
b,2,1,2,8,3,1,,2,0.5
b,2,1,2,8,4,1.5,,,0
b,2,1,2,8,5,1,,,0.5
b,2,1,2,8,6,1,,,0.5
b,2,1,2,8,7,1,,,0
b,2,1,2,8,8,2,,,0
b,2,1,2,8,9,2,,,0
b,2,1,2,8,10,,,,
b,2,1,2,8,11,,,,
b,2,1,2,8,12,,,,
b,2,1,2,8,13,,,,
b,2,1,2,8,14,,,,
b,2,1,2,8,15,,,,
b,2,1,2,8,16,,,,
b,2,1,2,8,17,,,,
b,2,1,2,8,18,,,,
b,2,1,2,8,19,,,,
b,2,1,2,8,20,,,,
b,2,1,2,8,21,,,,
b,2,1,2,9,1,1,,2,0
b,2,1,2,9,2,2,,2,0
b,2,1,2,9,3,2,,2,0
b,2,1,2,9,4,2,,,0
b,2,1,2,9,5,2,,,0
b,2,1,2,9,6,1,,,0
b,2,1,2,9,7,2,,,0
b,2,1,2,9,8,2,,,0
b,2,1,2,9,9,2,,,0
b,2,1,2,9,10,,,,
b,2,1,2,9,11,,,,
b,2,1,2,9,12,,,,
b,2,1,2,9,13,,,,
b,2,1,2,9,14,,,,
b,2,1,2,9,15,,,,
b,2,1,2,9,16,,,,
b,2,1,2,9,17,,,,
b,2,1,2,9,18,,,,
b,2,1,2,9,19,,,,
b,2,1,2,9,20,,,,
b,2,1,2,9,21,,2,,
c,3,0,2,2,1,2,2,2,0
c,3,0,2,2,2,2,2,1,1
c,3,0,2,2,3,2,1,2,0
c,3,0,2,2,4,2,2,,0
c,3,0,2,2,5,2,2,,0
c,3,0,2,2,6,2,1,,0.5
c,3,0,2,2,7,1.5,2,,0
c,3,0,2,2,8,2,2,,0
c,3,0,2,2,9,2,2,,0
c,3,0,2,2,10,,2,,
c,3,0,2,2,11,,2,,
c,3,0,2,2,12,,2,,
c,3,0,2,2,13,,2,,
c,3,0,2,2,14,,2,,
c,3,0,2,2,15,,2,,
c,3,0,2,2,16,,1,,
c,3,0,2,2,17,,2,,
c,3,0,2,2,18,,2,,
c,3,0,2,2,19,,2,,
c,3,0,2,2,20,,2,,
c,3,0,2,2,21,,2,,
c,3,0,2,3,1,2,2,2,0
c,3,0,2,3,2,2,2,1.5,0
c,3,0,2,3,3,2,1.5,2,0
c,3,0,2,3,4,2,1.5,,0
c,3,0,2,3,5,2,2,,0
c,3,0,2,3,6,2,2,,0
c,3,0,2,3,7,2,2,,0
c,3,0,2,3,8,2,2,,0
c,3,0,2,3,9,2,2,,0
c,3,0,2,3,10,,1,,
c,3,0,2,3,11,,2,,
c,3,0,2,3,12,,2,,
c,3,0,2,3,13,,2,,
c,3,0,2,3,14,,2,,
c,3,0,2,3,15,,2,,
c,3,0,2,3,16,,2,,
c,3,0,2,3,17,,2,,
c,3,0,2,3,18,,2,,
c,3,0,2,3,19,,2,,
c,3,0,2,3,20,,2,,
c,3,0,2,3,21,,2,,
c,3,0,2,4,1,2,2,2,0
c,3,0,2,4,2,2,1,1,0
c,3,0,2,4,3,2,1,1,0
c,3,0,2,4,4,2,1,,0
c,3,0,2,4,5,2,2,,0
c,3,0,2,4,6,2,2,,0
c,3,0,2,4,7,2,2,,0
c,3,0,2,4,8,2,2,,0
c,3,0,2,4,9,2,2,,0.5
c,3,0,2,4,10,,2,,
c,3,0,2,4,11,,2,,
c,3,0,2,4,12,,2,,
c,3,0,2,4,13,,2,,
c,3,0,2,4,14,,2,,
c,3,0,2,4,15,,2,,
c,3,0,2,4,16,,1,,
c,3,0,2,4,17,,2,,
c,3,0,2,4,18,,1,,
c,3,0,2,4,19,,2,,
c,3,0,2,4,20,,2,,
c,3,0,2,4,21,,2,,
c,3,0,2,5,1,2,1.5,2,1
c,3,0,2,5,2,2,1,1,2
c,3,0,2,5,3,2,1,1,0
c,3,0,2,5,4,2,2,,0
c,3,0,2,5,5,1,2,,1
c,3,0,2,5,6,2,2,,0
c,3,0,2,5,7,2,2,,0
c,3,0,2,5,8,2,2,,0
c,3,0,2,5,9,2,2,,0
c,3,0,2,5,10,,1,,
c,3,0,2,5,11,,0,,
c,3,0,2,5,12,,0,,
c,3,0,2,5,13,,2,,
c,3,0,2,5,14,,2,,
c,3,0,2,5,15,,2,,
c,3,0,2,5,16,,2,,
c,3,0,2,5,17,,1,,
c,3,0,2,5,18,,1,,
c,3,0,2,5,19,,2,,
c,3,0,2,5,20,,2,,
c,3,0,2,5,21,,2,,
c,3,0,2,6,1,2,0,2,0
c,3,0,2,6,2,2,1,2,0
c,3,0,2,6,3,2,1,2,0
c,3,0,2,6,4,2,1,,0
c,3,0,2,6,5,1,0,,0
c,3,0,2,6,6,2,2,,0
c,3,0,2,6,7,1,2,,0
c,3,0,2,6,8,2,2,,0
c,3,0,2,6,9,2,2,,0
c,3,0,2,6,10,,2,,
c,3,0,2,6,11,,2,,
c,3,0,2,6,12,,2,,
c,3,0,2,6,13,,2,,
c,3,0,2,6,14,,2,,
c,3,0,2,6,15,,2,,
c,3,0,2,6,16,,2,,
c,3,0,2,6,17,,2,,
c,3,0,2,6,18,,1,,
c,3,0,2,6,19,,2,,
c,3,0,2,6,20,,2,,
c,3,0,2,6,21,,2,,
c,3,0,2,7,1,2,0,2,1
c,3,0,2,7,2,2,0,2,2
c,3,0,2,7,3,2,1,2,1
c,3,0,2,7,4,1,2,,0
c,3,0,2,7,5,2,1,,1
c,3,0,2,7,6,2,1,,0.5
c,3,0,2,7,7,1.5,2,,0
c,3,0,2,7,8,2,2,,0
c,3,0,2,7,9,2,2,,0
c,3,0,2,7,10,,1,,
c,3,0,2,7,11,,2,,
c,3,0,2,7,12,,2,,
c,3,0,2,7,13,,0,,
c,3,0,2,7,14,,2,,
c,3,0,2,7,15,,2,,
c,3,0,2,7,16,,2,,
c,3,0,2,7,17,,1,,
c,3,0,2,7,18,,1,,
c,3,0,2,7,19,,2,,
c,3,0,2,7,20,,2,,
c,3,0,2,7,21,,0,,
c,3,0,2,8,1,1,,2,1
c,3,0,2,8,2,1,,2,2
c,3,0,2,8,3,2,,1,1.5
c,3,0,2,8,4,1,,,0
c,3,0,2,8,5,1,,,2
c,3,0,2,8,6,2,,,2
c,3,0,2,8,7,1,,,1
c,3,0,2,8,8,2,,,2
c,3,0,2,8,9,2,,,2
c,3,0,2,8,10,,,,
c,3,0,2,8,11,,,,
c,3,0,2,8,12,,,,
c,3,0,2,8,13,,,,
c,3,0,2,8,14,,,,
c,3,0,2,8,15,,,,
c,3,0,2,8,16,,,,
c,3,0,2,8,17,,,,
c,3,0,2,8,18,,,,
c,3,0,2,8,19,,,,
c,3,0,2,8,20,,,,
c,3,0,2,8,21,,2,,
c,3,0,2,9,1,2,,2,0
c,3,0,2,9,2,2,,2,0
c,3,0,2,9,3,2,,1,0
c,3,0,2,9,4,2,,,1
c,3,0,2,9,5,2,,,0
c,3,0,2,9,6,2,,,0
c,3,0,2,9,7,2,,,0
c,3,0,2,9,8,2,,,0
c,3,0,2,9,9,2,,,0
c,3,0,2,9,10,,,,
c,3,0,2,9,11,,,,
c,3,0,2,9,12,,,,
c,3,0,2,9,13,,,,
c,3,0,2,9,14,,,,
c,3,0,2,9,15,,,,
c,3,0,2,9,16,,,,
c,3,0,2,9,17,,,,
c,3,0,2,9,18,,,,
c,3,0,2,9,19,,,,
c,3,0,2,9,20,,,,
c,3,0,2,9,21,,2,,
d,4,0,2,2,1,2,1,2,1.5
d,4,0,2,2,2,2,2,1,2
d,4,0,2,2,3,2,1,1,1
d,4,0,2,2,4,2,2,,0
d,4,0,2,2,5,1,2,,1
d,4,0,2,2,6,2,2,,1
d,4,0,2,2,7,2,1.5,,0
d,4,0,2,2,8,2,1,,0
d,4,0,2,2,9,2,0,,1
d,4,0,2,2,10,,1,,
d,4,0,2,2,11,,2,,
d,4,0,2,2,12,,2,,
d,4,0,2,2,13,,2,,
d,4,0,2,2,14,,2,,
d,4,0,2,2,15,,2,,
d,4,0,2,2,16,,2,,
d,4,0,2,2,17,,1,,
d,4,0,2,2,18,,0.5,,
d,4,0,2,2,19,,2,,
d,4,0,2,2,20,,2,,
d,4,0,2,2,21,,2,,
d,4,0,2,3,1,2,1.5,2,2
d,4,0,2,3,2,2,2,1,2
d,4,0,2,3,3,2,2,2,1
d,4,0,2,3,4,2,2,,0
d,4,0,2,3,5,2,1,,1
d,4,0,2,3,6,2,1,,0
d,4,0,2,3,7,1.5,2,,0
d,4,0,2,3,8,2,1,,0
d,4,0,2,3,9,2,0,,1.5
d,4,0,2,3,10,,2,,
d,4,0,2,3,11,,2,,
d,4,0,2,3,12,,2,,
d,4,0,2,3,13,,2,,
d,4,0,2,3,14,,2,,
d,4,0,2,3,15,,2,,
d,4,0,2,3,16,,2,,
d,4,0,2,3,17,,2,,
d,4,0,2,3,18,,0.5,,
d,4,0,2,3,19,,2,,
d,4,0,2,3,20,,2,,
d,4,0,2,3,21,,2,,
d,4,0,2,4,1,2,2,2,2
d,4,0,2,4,2,2,1,1,2
d,4,0,2,4,3,2,0,2,1
d,4,0,2,4,4,2,2,,0
d,4,0,2,4,5,2,2,,2
d,4,0,2,4,6,2,1,,1
d,4,0,2,4,7,2,2,,1.5
d,4,0,2,4,8,2,0,,0
d,4,0,2,4,9,2,0,,1.5
d,4,0,2,4,10,,0,,
d,4,0,2,4,11,,2,,
d,4,0,2,4,12,,2,,
d,4,0,2,4,13,,2,,
d,4,0,2,4,14,,2,,
d,4,0,2,4,15,,2,,
d,4,0,2,4,16,,2,,
d,4,0,2,4,17,,2,,
d,4,0,2,4,18,,1,,
d,4,0,2,4,19,,2,,
d,4,0,2,4,20,,2,,
d,4,0,2,4,21,,2,,
d,4,0,2,5,1,2,1,2,2
d,4,0,2,5,2,2,2,2,2
d,4,0,2,5,3,2,2,2,2
d,4,0,2,5,4,2,1,,0
d,4,0,2,5,5,2,2,,2
d,4,0,2,5,6,2,1,,2
d,4,0,2,5,7,2,2,,1
d,4,0,2,5,8,2,2,,0
d,4,0,2,5,9,2,0,,2
d,4,0,2,5,10,,0,,
d,4,0,2,5,11,,2,,
d,4,0,2,5,12,,2,,
d,4,0,2,5,13,,1,,
d,4,0,2,5,14,,1,,
d,4,0,2,5,15,,2,,
d,4,0,2,5,16,,2,,
d,4,0,2,5,17,,2,,
d,4,0,2,5,18,,0.5,,
d,4,0,2,5,19,,2,,
d,4,0,2,5,20,,2,,
d,4,0,2,5,21,,2,,
d,4,0,2,6,1,1,1,2,2
d,4,0,2,6,2,1,0,2,2
d,4,0,2,6,3,1,0.5,2,1
d,4,0,2,6,4,1,1,,0
d,4,0,2,6,5,1,1,,2
d,4,0,2,6,6,1,0,,0.5
d,4,0,2,6,7,0.5,0,,1.5
d,4,0,2,6,8,2,0,,1
d,4,0,2,6,9,2,0,,2
d,4,0,2,6,10,,0,,
d,4,0,2,6,11,,2,,
d,4,0,2,6,12,,2,,
d,4,0,2,6,13,,2,,
d,4,0,2,6,14,,2,,
d,4,0,2,6,15,,2,,
d,4,0,2,6,16,,1,,
d,4,0,2,6,17,,1,,
d,4,0,2,6,18,,0.5,,
d,4,0,2,6,19,,2,,
d,4,0,2,6,20,,2,,
d,4,0,2,6,21,,1,,
d,4,0,2,7,1,1,0,2,2
d,4,0,2,7,2,1,1,2,2
d,4,0,2,7,3,1,1,2,2
d,4,0,2,7,4,1,0,,0
d,4,0,2,7,5,1,2,,2
d,4,0,2,7,6,1,2,,2
d,4,0,2,7,7,1,2,,1
d,4,0,2,7,8,2,1,,1
d,4,0,2,7,9,1,0,,2
d,4,0,2,7,10,,0,,
d,4,0,2,7,11,,0,,
d,4,0,2,7,12,,0,,
d,4,0,2,7,13,,2,,
d,4,0,2,7,14,,2,,
d,4,0,2,7,15,,2,,
d,4,0,2,7,16,,1,,
d,4,0,2,7,17,,1,,
d,4,0,2,7,18,,1,,
d,4,0,2,7,19,,2,,
d,4,0,2,7,20,,2,,
d,4,0,2,7,21,,1,,
d,4,0,2,8,1,1,,2,2
d,4,0,2,8,2,1,,2,2
d,4,0,2,8,3,1,,2,2
d,4,0,2,8,4,1,,,0
d,4,0,2,8,5,1,,,2
d,4,0,2,8,6,1,,,2
d,4,0,2,8,7,0,,,2
d,4,0,2,8,8,2,,,0.5
d,4,0,2,8,9,1,,,2
d,4,0,2,8,10,,,,
d,4,0,2,8,11,,,,
d,4,0,2,8,12,,,,
d,4,0,2,8,13,,,,
d,4,0,2,8,14,,,,
d,4,0,2,8,15,,,,
d,4,0,2,8,16,,,,
d,4,0,2,8,17,,,,
d,4,0,2,8,18,,,,
d,4,0,2,8,19,,,,
d,4,0,2,8,20,,,,
d,4,0,2,8,21,,2,,
d,4,0,2,9,1,1,,2,2
d,4,0,2,9,2,1,,2,2
d,4,0,2,9,3,1,,2,2
d,4,0,2,9,4,1,,,0
d,4,0,2,9,5,2,,,2
d,4,0,2,9,6,2,,,2
d,4,0,2,9,7,0,,,2
d,4,0,2,9,8,2,,,2
d,4,0,2,9,9,2,,,2
d,4,0,2,9,10,,,,
d,4,0,2,9,11,,,,
d,4,0,2,9,12,,,,
d,4,0,2,9,13,,,,
d,4,0,2,9,14,,,,
d,4,0,2,9,15,,,,
d,4,0,2,9,16,,,,
d,4,0,2,9,17,,,,
d,4,0,2,9,18,,,,
d,4,0,2,9,19,,,,
d,4,0,2,9,20,,,,
d,4,0,2,9,21,,2,,
e,5,0,2,2,1,2,2,2,0
e,5,0,2,2,2,2,1,1,1
e,5,0,2,2,3,2,1,2,0
e,5,0,2,2,4,2,2,,0
e,5,0,2,2,5,2,2,,0
e,5,0,2,2,6,2,1,,0
e,5,0,2,2,7,1.5,2,,0
e,5,0,2,2,8,2,2,,0
e,5,0,2,2,9,2,1.5,,0.5
e,5,0,2,2,10,,1.5,,
e,5,0,2,2,11,,2,,
e,5,0,2,2,12,,2,,
e,5,0,2,2,13,,2,,
e,5,0,2,2,14,,2,,
e,5,0,2,2,15,,2,,
e,5,0,2,2,16,,2,,
e,5,0,2,2,17,,2,,
e,5,0,2,2,18,,1,,
e,5,0,2,2,19,,2,,
e,5,0,2,2,20,,2,,
e,5,0,2,2,21,,2,,
e,5,0,2,3,1,2,2,2,0
e,5,0,2,3,2,2,2,1,0
e,5,0,2,3,3,2,1,2,0
e,5,0,2,3,4,2,1,,1
e,5,0,2,3,5,2,2,,0
e,5,0,2,3,6,2,1.5,,0
e,5,0,2,3,7,2,2,,0
e,5,0,2,3,8,2,2,,0
e,5,0,2,3,9,2,1,,0
e,5,0,2,3,10,,0,,
e,5,0,2,3,11,,2,,
e,5,0,2,3,12,,2,,
e,5,0,2,3,13,,2,,
e,5,0,2,3,14,,2,,
e,5,0,2,3,15,,2,,
e,5,0,2,3,16,,2,,
e,5,0,2,3,17,,2,,
e,5,0,2,3,18,,1,,
e,5,0,2,3,19,,2,,
e,5,0,2,3,20,,2,,
e,5,0,2,3,21,,2,,
e,5,0,2,4,1,2,1.5,2,0
e,5,0,2,4,2,2,2,1,0
e,5,0,2,4,3,2,2,1,0
e,5,0,2,4,4,2,1,,0
e,5,0,2,4,5,2,1,,0
e,5,0,2,4,6,2,2,,0
e,5,0,2,4,7,2,1,,0
e,5,0,2,4,8,2,2,,0
e,5,0,2,4,9,2,2,,0
e,5,0,2,4,10,,2,,
e,5,0,2,4,11,,2,,
e,5,0,2,4,12,,2,,
e,5,0,2,4,13,,2,,
e,5,0,2,4,14,,2,,
e,5,0,2,4,15,,2,,
e,5,0,2,4,16,,2,,
e,5,0,2,4,17,,2,,
e,5,0,2,4,18,,1,,
e,5,0,2,4,19,,2,,
e,5,0,2,4,20,,2,,
e,5,0,2,4,21,,2,,
e,5,0,2,5,1,2,1,2,0
e,5,0,2,5,2,2,0.5,1.5,0.5
e,5,0,2,5,3,2,1,1,0
e,5,0,2,5,4,2,1,,1
e,5,0,2,5,5,2,2,,0
e,5,0,2,5,6,2,2,,0
e,5,0,2,5,7,2,2,,0
e,5,0,2,5,8,2,2,,0
e,5,0,2,5,9,2,1,,0
e,5,0,2,5,10,,1,,
e,5,0,2,5,11,,2,,
e,5,0,2,5,12,,2,,
e,5,0,2,5,13,,1,,
e,5,0,2,5,14,,1,,
e,5,0,2,5,15,,2,,
e,5,0,2,5,16,,2,,
e,5,0,2,5,17,,2,,
e,5,0,2,5,18,,0.5,,
e,5,0,2,5,19,,2,,
e,5,0,2,5,20,,2,,
e,5,0,2,5,21,,2,,
e,5,0,2,6,1,2,0,1.5,1.5
e,5,0,2,6,2,2,2,0.5,1.5
e,5,0,2,6,3,2,1,1,1.5
e,5,0,2,6,4,2,0,,0
e,5,0,2,6,5,1.5,0,,1
e,5,0,2,6,6,2,2,,1
e,5,0,2,6,7,1,2,,0.5
e,5,0,2,6,8,2,0,,0
e,5,0,2,6,9,2,2,,1
e,5,0,2,6,10,,2,,
e,5,0,2,6,11,,2,,
e,5,0,2,6,12,,2,,
e,5,0,2,6,13,,2,,
e,5,0,2,6,14,,2,,
e,5,0,2,6,15,,2,,
e,5,0,2,6,16,,2,,
e,5,0,2,6,17,,1.5,,
e,5,0,2,6,18,,0.5,,
e,5,0,2,6,19,,1,,
e,5,0,2,6,20,,2,,
e,5,0,2,6,21,,1.5,,
e,5,0,2,7,1,2,1,2,0
e,5,0,2,7,2,2,1,2,0
e,5,0,2,7,3,2,1,1,0
e,5,0,2,7,4,2,1,,0
e,5,0,2,7,5,1,2,,0.5
e,5,0,2,7,6,1,2,,1
e,5,0,2,7,7,2,2,,0.5
e,5,0,2,7,8,2,2,,0
e,5,0,2,7,9,2,1,,0
e,5,0,2,7,10,,2,,
e,5,0,2,7,11,,2,,
e,5,0,2,7,12,,1,,
e,5,0,2,7,13,,2,,
e,5,0,2,7,14,,2,,
e,5,0,2,7,15,,2,,
e,5,0,2,7,16,,2,,
e,5,0,2,7,17,,2,,
e,5,0,2,7,18,,2,,
e,5,0,2,7,19,,2,,
e,5,0,2,7,20,,2,,
e,5,0,2,7,21,,2,,
e,5,0,2,8,1,2,,2,0
e,5,0,2,8,2,2,,1,1
e,5,0,2,8,3,2,,0,0.5
e,5,0,2,8,4,2,,,0
e,5,0,2,8,5,2,,,0.5
e,5,0,2,8,6,1.5,,,0.5
e,5,0,2,8,7,2,,,0.5
e,5,0,2,8,8,2,,,0
e,5,0,2,8,9,2,,,0
e,5,0,2,8,10,,,,
e,5,0,2,8,11,,,,
e,5,0,2,8,12,,,,
e,5,0,2,8,13,,,,
e,5,0,2,8,14,,,,
e,5,0,2,8,15,,,,
e,5,0,2,8,16,,,,
e,5,0,2,8,17,,,,
e,5,0,2,8,18,,,,
e,5,0,2,8,19,,,,
e,5,0,2,8,20,,,,
e,5,0,2,8,21,,2,,
e,5,0,2,9,1,1,,2,0
e,5,0,2,9,2,1,,2,1
e,5,0,2,9,3,2,,1,0.5
e,5,0,2,9,4,2,,,0
e,5,0,2,9,5,2,,,0.5
e,5,0,2,9,6,2,,,0.5
e,5,0,2,9,7,1.5,,,0
e,5,0,2,9,8,2,,,0
e,5,0,2,9,9,0,,,0
e,5,0,2,9,10,,,,
e,5,0,2,9,11,,,,
e,5,0,2,9,12,,,,
e,5,0,2,9,13,,,,
e,5,0,2,9,14,,,,
e,5,0,2,9,15,,,,
e,5,0,2,9,16,,,,
e,5,0,2,9,17,,,,
e,5,0,2,9,18,,,,
e,5,0,2,9,19,,,,
e,5,0,2,9,20,,,,
e,5,0,2,9,21,,2,,
f,6,0,2,2,1,2,2,0,1
f,6,0,2,2,2,2,2,0,1
f,6,0,2,2,3,2,2,0,0
f,6,0,2,2,4,2,2,,0
f,6,0,2,2,5,1,2,,1
f,6,0,2,2,6,2,2,,0
f,6,0,2,2,7,2,1,,0.5
f,6,0,2,2,8,2,0,,0
f,6,0,2,2,9,2,0,,0
f,6,0,2,2,10,,1,,
f,6,0,2,2,11,,2,,
f,6,0,2,2,12,,2,,
f,6,0,2,2,13,,2,,
f,6,0,2,2,14,,2,,
f,6,0,2,2,15,,2,,
f,6,0,2,2,16,,2,,
f,6,0,2,2,17,,1,,
f,6,0,2,2,18,,0.5,,
f,6,0,2,2,19,,2,,
f,6,0,2,2,20,,1,,
f,6,0,2,2,21,,2,,
f,6,0,2,3,1,2,2,2,1
f,6,0,2,3,2,2,2,1,0
f,6,0,2,3,3,2,2,1,1
f,6,0,2,3,4,2,2,,1
f,6,0,2,3,5,2,1,,0
f,6,0,2,3,6,2,1,,0
f,6,0,2,3,7,2,2,,0
f,6,0,2,3,8,2,2,,0
f,6,0,2,3,9,2,1,,1
f,6,0,2,3,10,,2,,
f,6,0,2,3,11,,2,,
f,6,0,2,3,12,,2,,
f,6,0,2,3,13,,2,,
f,6,0,2,3,14,,2,,
f,6,0,2,3,15,,2,,
f,6,0,2,3,16,,1,,
f,6,0,2,3,17,,2,,
f,6,0,2,3,18,,1,,
f,6,0,2,3,19,,2,,
f,6,0,2,3,20,,2,,
f,6,0,2,3,21,,2,,
f,6,0,2,4,1,2,2,2,1
f,6,0,2,4,2,2,2,0.5,0.5
f,6,0,2,4,3,2,2,1,0
f,6,0,2,4,4,2,1.5,,0
f,6,0,2,4,5,2,1.5,,0
f,6,0,2,4,6,2,2,,0
f,6,0,2,4,7,1.5,2,,0
f,6,0,2,4,8,2,2,,0
f,6,0,2,4,9,2,1,,0
f,6,0,2,4,10,,0,,
f,6,0,2,4,11,,2,,
f,6,0,2,4,12,,2,,
f,6,0,2,4,13,,2,,
f,6,0,2,4,14,,2,,
f,6,0,2,4,15,,2,,
f,6,0,2,4,16,,2,,
f,6,0,2,4,17,,2,,
f,6,0,2,4,18,,1,,
f,6,0,2,4,19,,2,,
f,6,0,2,4,20,,2,,
f,6,0,2,4,21,,2,,
f,6,0,2,5,1,2,2,2,0
f,6,0,2,5,2,2,2,1,0
f,6,0,2,5,3,2,1,1,0
f,6,0,2,5,4,2,1,,0
f,6,0,2,5,5,1.5,2,,0.5
f,6,0,2,5,6,2,2,,0
f,6,0,2,5,7,2,2,,0
f,6,0,2,5,8,2,2,,0
f,6,0,2,5,9,2,1,,0
f,6,0,2,5,10,,2,,
f,6,0,2,5,11,,2,,
f,6,0,2,5,12,,2,,
f,6,0,2,5,13,,2,,
f,6,0,2,5,14,,2,,
f,6,0,2,5,15,,2,,
f,6,0,2,5,16,,2,,
f,6,0,2,5,17,,1,,
f,6,0,2,5,18,,0.5,,
f,6,0,2,5,19,,2,,
f,6,0,2,5,20,,2,,
f,6,0,2,5,21,,2,,
f,6,0,2,6,1,2,1,2,0
f,6,0,2,6,2,2,1,1.5,1.5
f,6,0,2,6,3,2,0,1,0
f,6,0,2,6,4,2,0,,1.5
f,6,0,2,6,5,2,0,,1
f,6,0,2,6,6,1,2,,0
f,6,0,2,6,7,1.5,0,,0
f,6,0,2,6,8,2,0,,0
f,6,0,2,6,9,2,0,,0
f,6,0,2,6,10,,1,,
f,6,0,2,6,11,,2,,
f,6,0,2,6,12,,2,,
f,6,0,2,6,13,,2,,
f,6,0,2,6,14,,2,,
f,6,0,2,6,15,,2,,
f,6,0,2,6,16,,2,,
f,6,0,2,6,17,,2,,
f,6,0,2,6,18,,0.5,,
f,6,0,2,6,19,,2,,
f,6,0,2,6,20,,2,,
f,6,0,2,6,21,,2,,
f,6,0,2,7,1,1,0,2,2
f,6,0,2,7,2,1,0,2,2
f,6,0,2,7,3,1,1,2,2
f,6,0,2,7,4,1,1,,1
f,6,0,2,7,5,1,0,,2
f,6,0,2,7,6,1,0,,2
f,6,0,2,7,7,0.5,1,,1
f,6,0,2,7,8,2,2,,0
f,6,0,2,7,9,2,1,,2
f,6,0,2,7,10,,0,,
f,6,0,2,7,11,,0,,
f,6,0,2,7,12,,0,,
f,6,0,2,7,13,,2,,
f,6,0,2,7,14,,2,,
f,6,0,2,7,15,,2,,
f,6,0,2,7,16,,2,,
f,6,0,2,7,17,,1,,
f,6,0,2,7,18,,2,,
f,6,0,2,7,19,,0,,
f,6,0,2,7,20,,2,,
f,6,0,2,7,21,,2,,
f,6,0,2,8,1,1,,2,2
f,6,0,2,8,2,1,,2,2
f,6,0,2,8,3,1,,2,2
f,6,0,2,8,4,1,,,0
f,6,0,2,8,5,1,,,2
f,6,0,2,8,6,2,,,2
f,6,0,2,8,7,1.5,,,1
f,6,0,2,8,8,2,,,0
f,6,0,2,8,9,2,,,2
f,6,0,2,8,10,,,,
f,6,0,2,8,11,,,,
f,6,0,2,8,12,,,,
f,6,0,2,8,13,,,,
f,6,0,2,8,14,,,,
f,6,0,2,8,15,,,,
f,6,0,2,8,16,,,,
f,6,0,2,8,17,,,,
f,6,0,2,8,18,,,,
f,6,0,2,8,19,,,,
f,6,0,2,8,20,,,,
f,6,0,2,8,21,,2,,
f,6,0,2,9,1,1,,2,1
f,6,0,2,9,2,1,,2,2
f,6,0,2,9,3,1,,0,2
f,6,0,2,9,4,1,,,2
f,6,0,2,9,5,1,,,2
f,6,0,2,9,6,1,,,1
f,6,0,2,9,7,0,,,1
f,6,0,2,9,8,2,,,1
f,6,0,2,9,9,2,,,2
f,6,0,2,9,10,,,,
f,6,0,2,9,11,,,,
f,6,0,2,9,12,,,,
f,6,0,2,9,13,,,,
f,6,0,2,9,14,,,,
f,6,0,2,9,15,,,,
f,6,0,2,9,16,,,,
f,6,0,2,9,17,,,,
f,6,0,2,9,18,,,,
f,6,0,2,9,19,,,,
f,6,0,2,9,20,,,,
f,6,0,2,9,21,,2,,
g,7,1,2,2,1,2,1,2,0
g,7,1,2,2,2,2,2,2,1
g,7,1,2,2,3,2,2,2,0
g,7,1,2,2,4,2,2,,1
g,7,1,2,2,5,2,2,,0
g,7,1,2,2,6,2,2,,0
g,7,1,2,2,7,2,2,,0
g,7,1,2,2,8,2,2,,0
g,7,1,2,2,9,2,1,,0
g,7,1,2,2,10,,0,,
g,7,1,2,2,11,,1,,
g,7,1,2,2,12,,0,,
g,7,1,2,2,13,,2,,
g,7,1,2,2,14,,2,,
g,7,1,2,2,15,,2,,
g,7,1,2,2,16,,2,,
g,7,1,2,2,17,,2,,
g,7,1,2,2,18,,2,,
g,7,1,2,2,19,,2,,
g,7,1,2,2,20,,2,,
g,7,1,2,2,21,,2,,
g,7,1,2,3,1,2,2,2,0
g,7,1,2,3,2,2,2,1.5,0
g,7,1,2,3,3,2,2,2,0
g,7,1,2,3,4,2,0,,0
g,7,1,2,3,5,2,1,,0
g,7,1,2,3,6,2,2,,0
g,7,1,2,3,7,2,2,,0
g,7,1,2,3,8,2,1,,0
g,7,1,2,3,9,2,2,,0
g,7,1,2,3,10,,0,,
g,7,1,2,3,11,,2,,
g,7,1,2,3,12,,2,,
g,7,1,2,3,13,,2,,
g,7,1,2,3,14,,2,,
g,7,1,2,3,15,,2,,
g,7,1,2,3,16,,2,,
g,7,1,2,3,17,,2,,
g,7,1,2,3,18,,2,,
g,7,1,2,3,19,,2,,
g,7,1,2,3,20,,2,,
g,7,1,2,3,21,,2,,
g,7,1,2,4,1,2,2,2,0
g,7,1,2,4,2,2,2,2,1.5
g,7,1,2,4,3,2,1,2,1
g,7,1,2,4,4,2,1,,0
g,7,1,2,4,5,1,0,,0
g,7,1,2,4,6,2,0,,1
g,7,1,2,4,7,2,2,,0
g,7,1,2,4,8,2,1,,0
g,7,1,2,4,9,2,0,,1.5
g,7,1,2,4,10,,0,,
g,7,1,2,4,11,,2,,
g,7,1,2,4,12,,2,,
g,7,1,2,4,13,,2,,
g,7,1,2,4,14,,2,,
g,7,1,2,4,15,,2,,
g,7,1,2,4,16,,1,,
g,7,1,2,4,17,,1,,
g,7,1,2,4,18,,2,,
g,7,1,2,4,19,,2,,
g,7,1,2,4,20,,2,,
g,7,1,2,4,21,,2,,
g,7,1,2,5,1,2,1,2,0
g,7,1,2,5,2,2,2,2,2
g,7,1,2,5,3,2,1,2,1
g,7,1,2,5,4,2,1,,0
g,7,1,2,5,5,1.5,0,,1
g,7,1,2,5,6,1,0,,1
g,7,1,2,5,7,1.5,1,,0
g,7,1,2,5,8,2,0,,0
g,7,1,2,5,9,2,0,,1.5
g,7,1,2,5,10,,0,,
g,7,1,2,5,11,,0,,
g,7,1,2,5,12,,0,,
g,7,1,2,5,13,,2,,
g,7,1,2,5,14,,2,,
g,7,1,2,5,15,,2,,
g,7,1,2,5,16,,2,,
g,7,1,2,5,17,,2,,
g,7,1,2,5,18,,2,,
g,7,1,2,5,19,,2,,
g,7,1,2,5,20,,1,,
g,7,1,2,5,21,,2,,
g,7,1,2,6,1,2,1,2,1
g,7,1,2,6,2,2,1,2,2
g,7,1,2,6,3,2,2,2,2
g,7,1,2,6,4,2,2,,0
g,7,1,2,6,5,2,0,,1.5
g,7,1,2,6,6,1,1,,2
g,7,1,2,6,7,1.5,1,,1.5
g,7,1,2,6,8,2,0,,1
g,7,1,2,6,9,2,0,,1.5
g,7,1,2,6,10,,0,,
g,7,1,2,6,11,,1,,
g,7,1,2,6,12,,1,,
g,7,1,2,6,13,,2,,
g,7,1,2,6,14,,2,,
g,7,1,2,6,15,,2,,
g,7,1,2,6,16,,2,,
g,7,1,2,6,17,,2,,
g,7,1,2,6,18,,2,,
g,7,1,2,6,19,,2,,
g,7,1,2,6,20,,2,,
g,7,1,2,6,21,,1.5,,
g,7,1,2,7,1,2,,2,1
g,7,1,2,7,2,2,,2,2
g,7,1,2,7,3,2,,2,1
g,7,1,2,7,4,2,,,0
g,7,1,2,7,5,2,,,0
g,7,1,2,7,6,2,,,1
g,7,1,2,7,7,2,,,2
g,7,1,2,7,8,2,,,0
g,7,1,2,7,9,2,,,0
g,7,1,2,7,10,,,,
g,7,1,2,7,11,,,,
g,7,1,2,7,12,,,,
g,7,1,2,7,13,,,,
g,7,1,2,7,14,,,,
g,7,1,2,7,15,,,,
g,7,1,2,7,16,,,,
g,7,1,2,7,17,,,,
g,7,1,2,7,18,,,,
g,7,1,2,7,19,,,,
g,7,1,2,7,20,,,,
g,7,1,2,7,21,,2,,
g,7,1,2,8,1,2,,2,1
g,7,1,2,8,2,2,,2,2
g,7,1,2,8,3,1,,2,1
g,7,1,2,8,4,2,,,0
g,7,1,2,8,5,2,,,1
g,7,1,2,8,6,1,,,2
g,7,1,2,8,7,1,,,1
g,7,1,2,8,8,2,,,0
g,7,1,2,8,9,2,,,1
g,7,1,2,8,10,,,,
g,7,1,2,8,11,,,,
g,7,1,2,8,12,,,,
g,7,1,2,8,13,,,,
g,7,1,2,8,14,,,,
g,7,1,2,8,15,,,,
g,7,1,2,8,16,,,,
g,7,1,2,8,17,,,,
g,7,1,2,8,18,,,,
g,7,1,2,8,19,,,,
g,7,1,2,8,20,,,,
g,7,1,2,8,21,,2,,
g,7,1,2,9,1,2,,2,1
g,7,1,2,9,2,2,,2,2
g,7,1,2,9,3,2,,2,1.5
g,7,1,2,9,4,2,,,0
g,7,1,2,9,5,1,,,1
g,7,1,2,9,6,2,,,2
g,7,1,2,9,7,1,,,2
g,7,1,2,9,8,2,,,2
g,7,1,2,9,9,2,,,1.5
g,7,1,2,9,10,,,,
g,7,1,2,9,11,,,,
g,7,1,2,9,12,,,,
g,7,1,2,9,13,,,,
g,7,1,2,9,14,,,,
g,7,1,2,9,15,,,,
g,7,1,2,9,16,,,,
g,7,1,2,9,17,,,,
g,7,1,2,9,18,,,,
g,7,1,2,9,19,,,,
g,7,1,2,9,20,,,,
g,7,1,2,9,21,,2,,
h,8,1,2,2,1,2,2,2,2
h,8,1,2,2,2,2,2,2,2
h,8,1,2,2,3,2,1,2,2
h,8,1,2,2,4,2,1,,0
h,8,1,2,2,5,1,2,,1
h,8,1,2,2,6,2,2,,2
h,8,1,2,2,7,2,1,,1
h,8,1,2,2,8,2,1,,0.5
h,8,1,2,2,9,2,0,,0
h,8,1,2,2,10,,0,,
h,8,1,2,2,11,,2,,
h,8,1,2,2,12,,2,,
h,8,1,2,2,13,,2,,
h,8,1,2,2,14,,2,,
h,8,1,2,2,15,,2,,
h,8,1,2,2,16,,2,,
h,8,1,2,2,17,,2,,
h,8,1,2,2,18,,1,,
h,8,1,2,2,19,,2,,
h,8,1,2,2,20,,2,,
h,8,1,2,2,21,,1.5,,
h,8,1,2,3,1,2,2,2,2
h,8,1,2,3,2,2,1,2,1.5
h,8,1,2,3,3,2,1,2,2
h,8,1,2,3,4,2,1,,0
h,8,1,2,3,5,2,2,,0
h,8,1,2,3,6,2,2,,0.5
h,8,1,2,3,7,2,1,,1
h,8,1,2,3,8,2,1,,0
h,8,1,2,3,9,2,0,,0
h,8,1,2,3,10,,0,,
h,8,1,2,3,11,,0,,
h,8,1,2,3,12,,2,,
h,8,1,2,3,13,,2,,
h,8,1,2,3,14,,2,,
h,8,1,2,3,15,,2,,
h,8,1,2,3,16,,2,,
h,8,1,2,3,17,,2,,
h,8,1,2,3,18,,2,,
h,8,1,2,3,19,,2,,
h,8,1,2,3,20,,2,,
h,8,1,2,3,21,,2,,
h,8,1,2,4,1,2,1,2,1
h,8,1,2,4,2,2,2,2,1.5
h,8,1,2,4,3,2,2,2,1.5
h,8,1,2,4,4,2,0,,0
h,8,1,2,4,5,2,1,,1.5
h,8,1,2,4,6,2,1,,0.5
h,8,1,2,4,7,2,0,,1.5
h,8,1,2,4,8,2,0,,0
h,8,1,2,4,9,2,0,,0.5
h,8,1,2,4,10,,0,,
h,8,1,2,4,11,,0,,
h,8,1,2,4,12,,1,,
h,8,1,2,4,13,,2,,
h,8,1,2,4,14,,2,,
h,8,1,2,4,15,,2,,
h,8,1,2,4,16,,2,,
h,8,1,2,4,17,,2,,
h,8,1,2,4,18,,2,,
h,8,1,2,4,19,,2,,
h,8,1,2,4,20,,2,,
h,8,1,2,4,21,,2,,
h,8,1,2,5,1,2,1,2,0
h,8,1,2,5,2,2,0,2,1.5
h,8,1,2,5,3,2,1,2,1
h,8,1,2,5,4,2,1,,0
h,8,1,2,5,5,2,2,,0.5
h,8,1,2,5,6,2,0,,0.5
h,8,1,2,5,7,2,1,,0
h,8,1,2,5,8,2,0,,0
h,8,1,2,5,9,2,2,,1
h,8,1,2,5,10,,2,,
h,8,1,2,5,11,,1,,
h,8,1,2,5,12,,1,,
h,8,1,2,5,13,,1,,
h,8,1,2,5,14,,2,,
h,8,1,2,5,15,,2,,
h,8,1,2,5,16,,2,,
h,8,1,2,5,17,,2,,
h,8,1,2,5,18,,2,,
h,8,1,2,5,19,,2,,
h,8,1,2,5,20,,2,,
h,8,1,2,5,21,,2,,
h,8,1,2,6,1,2,1,2,1
h,8,1,2,6,2,2,1,2,1.5
h,8,1,2,6,3,2,1,2,1
h,8,1,2,6,4,2,0,,0
h,8,1,2,6,5,1,2,,0.5
h,8,1,2,6,6,2,2,,1
h,8,1,2,6,7,2,2,,0
h,8,1,2,6,8,2,2,,0
h,8,1,2,6,9,2,1,,1
h,8,1,2,6,10,,0,,
h,8,1,2,6,11,,1,,
h,8,1,2,6,12,,1,,
h,8,1,2,6,13,,2,,
h,8,1,2,6,14,,2,,
h,8,1,2,6,15,,2,,
h,8,1,2,6,16,,2,,
h,8,1,2,6,17,,2,,
h,8,1,2,6,18,,2,,
h,8,1,2,6,19,,2,,
h,8,1,2,6,20,,2,,
h,8,1,2,6,21,,1,,
h,8,1,2,7,1,2,0,2,2
h,8,1,2,7,2,2,1,2,2
h,8,1,2,7,3,2,0,2,2
h,8,1,2,7,4,2,1,,0
h,8,1,2,7,5,1,0,,2
h,8,1,2,7,6,2,2,,0
h,8,1,2,7,7,2,0,,1
h,8,1,2,7,8,2,1,,1
h,8,1,2,7,9,2,0,,2
h,8,1,2,7,10,,0,,
h,8,1,2,7,11,,0,,
h,8,1,2,7,12,,2,,
h,8,1,2,7,13,,2,,
h,8,1,2,7,14,,2,,
h,8,1,2,7,15,,2,,
h,8,1,2,7,16,,2,,
h,8,1,2,7,17,,2,,
h,8,1,2,7,18,,2,,
h,8,1,2,7,19,,2,,
h,8,1,2,7,20,,2,,
h,8,1,2,7,21,,2,,
h,8,1,2,8,1,1,,2,2
h,8,1,2,8,2,1,,2,2
h,8,1,2,8,3,1,,2,2
h,8,1,2,8,4,1,,,0
h,8,1,2,8,5,1,,,2
h,8,1,2,8,6,1,,,2
h,8,1,2,8,7,1,,,1.5
h,8,1,2,8,8,1,,,1
h,8,1,2,8,9,1,,,2
h,8,1,2,8,10,,,,
h,8,1,2,8,11,,,,
h,8,1,2,8,12,,,,
h,8,1,2,8,13,,,,
h,8,1,2,8,14,,,,
h,8,1,2,8,15,,,,
h,8,1,2,8,16,,,,
h,8,1,2,8,17,,,,
h,8,1,2,8,18,,,,
h,8,1,2,8,19,,,,
h,8,1,2,8,20,,,,
h,8,1,2,8,21,,1,,
h,8,1,2,9,1,2,,2,2
h,8,1,2,9,2,2,,2,2
h,8,1,2,9,3,2,,2,2
h,8,1,2,9,4,2,,,0
h,8,1,2,9,5,2,,,1
h,8,1,2,9,6,2,,,2
h,8,1,2,9,7,1.5,,,1
h,8,1,2,9,8,2,,,0.5
h,8,1,2,9,9,2,,,1
h,8,1,2,9,10,,,,
h,8,1,2,9,11,,,,
h,8,1,2,9,12,,,,
h,8,1,2,9,13,,,,
h,8,1,2,9,14,,,,
h,8,1,2,9,15,,,,
h,8,1,2,9,16,,,,
h,8,1,2,9,17,,,,
h,8,1,2,9,18,,,,
h,8,1,2,9,19,,,,
h,8,1,2,9,20,,,,
h,8,1,2,9,21,,2,,
i,9,1,2,2,1,2,2,2,1
i,9,1,2,2,2,2,0,1.5,1
i,9,1,2,2,3,2,2,2,1
i,9,1,2,2,4,2,2,,1
i,9,1,2,2,5,2,2,,0
i,9,1,2,2,6,2,2,,1
i,9,1,2,2,7,2,1,,0
i,9,1,2,2,8,2,1,,0
i,9,1,2,2,9,2,2,,0
i,9,1,2,2,10,,2,,
i,9,1,2,2,11,,2,,
i,9,1,2,2,12,,2,,
i,9,1,2,2,13,,2,,
i,9,1,2,2,14,,2,,
i,9,1,2,2,15,,2,,
i,9,1,2,2,16,,2,,
i,9,1,2,2,17,,2,,
i,9,1,2,2,18,,2,,
i,9,1,2,2,19,,2,,
i,9,1,2,2,20,,2,,
i,9,1,2,2,21,,2,,
i,9,1,2,3,1,2,2,2,1
i,9,1,2,3,2,2,2,2,1
i,9,1,2,3,3,2,0,2,1
i,9,1,2,3,4,2,1,,1
i,9,1,2,3,5,2,2,,0
i,9,1,2,3,6,2,1,,1
i,9,1,2,3,7,2,2,,0
i,9,1,2,3,8,2,2,,0
i,9,1,2,3,9,2,0,,0
i,9,1,2,3,10,,1,,
i,9,1,2,3,11,,1,,
i,9,1,2,3,12,,0,,
i,9,1,2,3,13,,2,,
i,9,1,2,3,14,,2,,
i,9,1,2,3,15,,2,,
i,9,1,2,3,16,,2,,
i,9,1,2,3,17,,2,,
i,9,1,2,3,18,,2,,
i,9,1,2,3,19,,2,,
i,9,1,2,3,20,,2,,
i,9,1,2,3,21,,2,,
i,9,1,2,4,1,2,2,2,2
i,9,1,2,4,2,2,2,2,2
i,9,1,2,4,3,2,1,2,2
i,9,1,2,4,4,2,2,,0
i,9,1,2,4,5,2,0,,2
i,9,1,2,4,6,2,1,,2
i,9,1,2,4,7,2,2,,2
i,9,1,2,4,8,2,0,,0
i,9,1,2,4,9,2,0,,2
i,9,1,2,4,10,,0,,
i,9,1,2,4,11,,1,,
i,9,1,2,4,12,,0,,
i,9,1,2,4,13,,2,,
i,9,1,2,4,14,,2,,
i,9,1,2,4,15,,2,,
i,9,1,2,4,16,,2,,
i,9,1,2,4,17,,1,,
i,9,1,2,4,18,,2,,
i,9,1,2,4,19,,2,,
i,9,1,2,4,20,,2,,
i,9,1,2,4,21,,0.5,,
i,9,1,2,5,1,2,1,2,1
i,9,1,2,5,2,2,2,2,2
i,9,1,2,5,3,2,1,2,1.5
i,9,1,2,5,4,2,1,,0
i,9,1,2,5,5,2,2,,2
i,9,1,2,5,6,2,1,,2
i,9,1,2,5,7,2,2,,1
i,9,1,2,5,8,2,2,,0
i,9,1,2,5,9,2,1,,1.5
i,9,1,2,5,10,,2,,
i,9,1,2,5,11,,0,,
i,9,1,2,5,12,,1,,
i,9,1,2,5,13,,0,,
i,9,1,2,5,14,,0,,
i,9,1,2,5,15,,2,,
i,9,1,2,5,16,,2,,
i,9,1,2,5,17,,2,,
i,9,1,2,5,18,,1,,
i,9,1,2,5,19,,2,,
i,9,1,2,5,20,,2,,
i,9,1,2,5,21,,1.5,,
i,9,1,2,6,1,2,1,2,1.5
i,9,1,2,6,2,2,1,2,2
i,9,1,2,6,3,2,1,2,2
i,9,1,2,6,4,2,0,,0
i,9,1,2,6,5,2,2,,2
i,9,1,2,6,6,2,2,,2
i,9,1,2,6,7,1.5,2,,1
i,9,1,2,6,8,2,2,,0
i,9,1,2,6,9,2,0,,2
i,9,1,2,6,10,,1,,
i,9,1,2,6,11,,1.5,,
i,9,1,2,6,12,,1,,
i,9,1,2,6,13,,2,,
i,9,1,2,6,14,,2,,
i,9,1,2,6,15,,2,,
i,9,1,2,6,16,,2,,
i,9,1,2,6,17,,2,,
i,9,1,2,6,18,,2,,
i,9,1,2,6,19,,2,,
i,9,1,2,6,20,,2,,
i,9,1,2,6,21,,0.5,,
i,9,1,2,7,1,2,1,2,2
i,9,1,2,7,2,2,2,2,2
i,9,1,2,7,3,1,1,2,2
i,9,1,2,7,4,1,1,,0
i,9,1,2,7,5,0,1,,2
i,9,1,2,7,6,0,1,,2
i,9,1,2,7,7,1,2,,2
i,9,1,2,7,8,2,2,,0
i,9,1,2,7,9,1,0,,2
i,9,1,2,7,10,,0,,
i,9,1,2,7,11,,0,,
i,9,1,2,7,12,,1,,
i,9,1,2,7,13,,2,,
i,9,1,2,7,14,,0,,
i,9,1,2,7,15,,2,,
i,9,1,2,7,16,,2,,
i,9,1,2,7,17,,2,,
i,9,1,2,7,18,,1,,
i,9,1,2,7,19,,0,,
i,9,1,2,7,20,,1,,
i,9,1,2,7,21,,1,,
i,9,1,2,8,1,2,,2,1.5
i,9,1,2,8,2,1,,2,2
i,9,1,2,8,3,2,,2,2
i,9,1,2,8,4,1,,,0
i,9,1,2,8,5,1,,,2
i,9,1,2,8,6,1,,,2
i,9,1,2,8,7,1,,,1
i,9,1,2,8,8,2,,,2
i,9,1,2,8,9,1,,,1
i,9,1,2,8,10,,,,
i,9,1,2,8,11,,,,
i,9,1,2,8,12,,,,
i,9,1,2,8,13,,,,
i,9,1,2,8,14,,,,
i,9,1,2,8,15,,,,
i,9,1,2,8,16,,,,
i,9,1,2,8,17,,,,
i,9,1,2,8,18,,,,
i,9,1,2,8,19,,,,
i,9,1,2,8,20,,,,
i,9,1,2,8,21,,1,,
i,9,1,2,9,1,2,,2,1
i,9,1,2,9,2,2,,2,1
i,9,1,2,9,3,2,,2,0
i,9,1,2,9,4,2,,,0
i,9,1,2,9,5,2,,,0
i,9,1,2,9,6,2,,,0
i,9,1,2,9,7,2,,,0
i,9,1,2,9,8,2,,,0
i,9,1,2,9,9,2,,,0
i,9,1,2,9,10,,,,
i,9,1,2,9,11,,,,
i,9,1,2,9,12,,,,
i,9,1,2,9,13,,,,
i,9,1,2,9,14,,,,
i,9,1,2,9,15,,,,
i,9,1,2,9,16,,,,
i,9,1,2,9,17,,,,
i,9,1,2,9,18,,,,
i,9,1,2,9,19,,,,
i,9,1,2,9,20,,,,
i,9,1,2,9,21,,2,,
j,10,0,2,2,1,2,2,2,0
j,10,0,2,2,2,2,2,1.5,0
j,10,0,2,2,3,2,2,1,0
j,10,0,2,2,4,2,2,,0
j,10,0,2,2,5,2,1,,0
j,10,0,2,2,6,2,2,,0
j,10,0,2,2,7,2,2,,0
j,10,0,2,2,8,2,2,,0
j,10,0,2,2,9,2,1,,0
j,10,0,2,2,10,,0,,
j,10,0,2,2,11,,0,,
j,10,0,2,2,12,,0,,
j,10,0,2,2,13,,2,,
j,10,0,2,2,14,,2,,
j,10,0,2,2,15,,2,,
j,10,0,2,2,16,,2,,
j,10,0,2,2,17,,2,,
j,10,0,2,2,18,,2,,
j,10,0,2,2,19,,2,,
j,10,0,2,2,20,,2,,
j,10,0,2,2,21,,2,,
j,10,0,2,3,1,2,2,2,0
j,10,0,2,3,2,2,2,1.5,0
j,10,0,2,3,3,2,2,2,0
j,10,0,2,3,4,2,2,,0
j,10,0,2,3,5,2,1,,0
j,10,0,2,3,6,2,0,,0
j,10,0,2,3,7,2,2,,0
j,10,0,2,3,8,2,2,,0
j,10,0,2,3,9,2,1,,0
j,10,0,2,3,10,,2,,
j,10,0,2,3,11,,0,,
j,10,0,2,3,12,,0,,
j,10,0,2,3,13,,2,,
j,10,0,2,3,14,,2,,
j,10,0,2,3,15,,2,,
j,10,0,2,3,16,,2,,
j,10,0,2,3,17,,2,,
j,10,0,2,3,18,,2,,
j,10,0,2,3,19,,2,,
j,10,0,2,3,20,,2,,
j,10,0,2,3,21,,2,,
j,10,0,2,4,1,2,2,2,0
j,10,0,2,4,2,2,2,1.5,1
j,10,0,2,4,3,2,2,2,1
j,10,0,2,4,4,2,1,,0
j,10,0,2,4,5,1,2,,0
j,10,0,2,4,6,1,0,,0.5
j,10,0,2,4,7,2,2,,0
j,10,0,2,4,8,2,1,,0
j,10,0,2,4,9,2,1,,0
j,10,0,2,4,10,,1,,
j,10,0,2,4,11,,2,,
j,10,0,2,4,12,,2,,
j,10,0,2,4,13,,2,,
j,10,0,2,4,14,,2,,
j,10,0,2,4,15,,2,,
j,10,0,2,4,16,,2,,
j,10,0,2,4,17,,2,,
j,10,0,2,4,18,,2,,
j,10,0,2,4,19,,2,,
j,10,0,2,4,20,,2,,
j,10,0,2,4,21,,2,,
j,10,0,2,5,1,2,2,2,0
j,10,0,2,5,2,2,1,1.5,0
j,10,0,2,5,3,2,0,2,0
j,10,0,2,5,4,2,1,,0
j,10,0,2,5,5,1,1,,0
j,10,0,2,5,6,1,0,,0
j,10,0,2,5,7,2,1,,0
j,10,0,2,5,8,2,2,,0
j,10,0,2,5,9,2,1,,0
j,10,0,2,5,10,,1,,
j,10,0,2,5,11,,0,,
j,10,0,2,5,12,,0,,
j,10,0,2,5,13,,2,,
j,10,0,2,5,14,,2,,
j,10,0,2,5,15,,2,,
j,10,0,2,5,16,,2,,
j,10,0,2,5,17,,2,,
j,10,0,2,5,18,,2,,
j,10,0,2,5,19,,2,,
j,10,0,2,5,20,,2,,
j,10,0,2,5,21,,2,,
j,10,0,2,6,1,2,1,2,0
j,10,0,2,6,2,2,1,1.5,0.5
j,10,0,2,6,3,2,0,2,0
j,10,0,2,6,4,2,0,,0
j,10,0,2,6,5,1,1,,0
j,10,0,2,6,6,1,1,,0
j,10,0,2,6,7,1,1,,0
j,10,0,2,6,8,2,1,,0
j,10,0,2,6,9,2,1,,0
j,10,0,2,6,10,,2,,
j,10,0,2,6,11,,0,,
j,10,0,2,6,12,,0,,
j,10,0,2,6,13,,2,,
j,10,0,2,6,14,,2,,
j,10,0,2,6,15,,2,,
j,10,0,2,6,16,,1,,
j,10,0,2,6,17,,2,,
j,10,0,2,6,18,,2,,
j,10,0,2,6,19,,2,,
j,10,0,2,6,20,,2,,
j,10,0,2,6,21,,2,,
j,10,0,2,7,1,2,0,2,0
j,10,0,2,7,2,2,1,2,1
j,10,0,2,7,3,2,0,2,1
j,10,0,2,7,4,2,0,,0
j,10,0,2,7,5,2,1,,0.5
j,10,0,2,7,6,2,0,,0.5
j,10,0,2,7,7,2,1,,0
j,10,0,2,7,8,2,2,,0
j,10,0,2,7,9,2,1,,0
j,10,0,2,7,10,,2,,
j,10,0,2,7,11,,0,,
j,10,0,2,7,12,,0,,
j,10,0,2,7,13,,1,,
j,10,0,2,7,14,,2,,
j,10,0,2,7,15,,2,,
j,10,0,2,7,16,,0,,
j,10,0,2,7,17,,2,,
j,10,0,2,7,18,,2,,
j,10,0,2,7,19,,2,,
j,10,0,2,7,20,,0,,
j,10,0,2,7,21,,2,,
j,10,0,2,8,1,2,,2,1
j,10,0,2,8,2,2,,2,1
j,10,0,2,8,3,2,,2,1
j,10,0,2,8,4,2,,,0
j,10,0,2,8,5,1.5,,,0.5
j,10,0,2,8,6,1.5,,,0.5
j,10,0,2,8,7,1.5,,,0
j,10,0,2,8,8,2,,,0
j,10,0,2,8,9,2,,,0
j,10,0,2,8,10,,,,
j,10,0,2,8,11,,,,
j,10,0,2,8,12,,,,
j,10,0,2,8,13,,,,
j,10,0,2,8,14,,,,
j,10,0,2,8,15,,,,
j,10,0,2,8,16,,,,
j,10,0,2,8,17,,,,
j,10,0,2,8,18,,,,
j,10,0,2,8,19,,,,
j,10,0,2,8,20,,,,
j,10,0,2,8,21,,2,,
j,10,0,2,9,1,2,,2,0
j,10,0,2,9,2,2,,2,1
j,10,0,2,9,3,2,,2,0
j,10,0,2,9,4,2,,,0
j,10,0,2,9,5,2,,,0.5
j,10,0,2,9,6,1,,,0.5
j,10,0,2,9,7,2,,,0
j,10,0,2,9,8,2,,,0
j,10,0,2,9,9,2,,,0
j,10,0,2,9,10,,,,
j,10,0,2,9,11,,,,
j,10,0,2,9,12,,,,
j,10,0,2,9,13,,,,
j,10,0,2,9,14,,,,
j,10,0,2,9,15,,,,
j,10,0,2,9,16,,,,
j,10,0,2,9,17,,,,
j,10,0,2,9,18,,,,
j,10,0,2,9,19,,,,
j,10,0,2,9,20,,,,
j,10,0,2,9,21,,2,,
k,11,0,2,2,1,2,2,2,0
k,11,0,2,2,2,2,2,1,0
k,11,0,2,2,3,2,2,2,0
k,11,0,2,2,4,2,2,,0
k,11,0,2,2,5,2,2,,0
k,11,0,2,2,6,2,2,,0
k,11,0,2,2,7,2,2,,0
k,11,0,2,2,8,2,2,,0
k,11,0,2,2,9,2,2,,0
k,11,0,2,2,10,,2,,
k,11,0,2,2,11,,0,,
k,11,0,2,2,12,,0,,
k,11,0,2,2,13,,2,,
k,11,0,2,2,14,,2,,
k,11,0,2,2,15,,2,,
k,11,0,2,2,16,,2,,
k,11,0,2,2,17,,2,,
k,11,0,2,2,18,,2,,
k,11,0,2,2,19,,2,,
k,11,0,2,2,20,,2,,
k,11,0,2,2,21,,2,,
k,11,0,2,3,1,2,2,2,0
k,11,0,2,3,2,2,2,1.5,1
k,11,0,2,3,3,2,2,2,1
k,11,0,2,3,4,2,2,,0
k,11,0,2,3,5,2,0,,1
k,11,0,2,3,6,2,2,,0.5
k,11,0,2,3,7,2,2,,0.5
k,11,0,2,3,8,2,2,,0
k,11,0,2,3,9,2,0,,0
k,11,0,2,3,10,,0,,
k,11,0,2,3,11,,0,,
k,11,0,2,3,12,,0,,
k,11,0,2,3,13,,2,,
k,11,0,2,3,14,,2,,
k,11,0,2,3,15,,2,,
k,11,0,2,3,16,,2,,
k,11,0,2,3,17,,2,,
k,11,0,2,3,18,,2,,
k,11,0,2,3,19,,2,,
k,11,0,2,3,20,,2,,
k,11,0,2,3,21,,2,,
k,11,0,2,4,1,2,2,2,0
k,11,0,2,4,2,2,2,1.5,2
k,11,0,2,4,3,2,1,2,1
k,11,0,2,4,4,2,1,,0
k,11,0,2,4,5,1,2,,1
k,11,0,2,4,6,1,2,,1
k,11,0,2,4,7,2,2,,0
k,11,0,2,4,8,2,2,,0
k,11,0,2,4,9,2,0,,0
k,11,0,2,4,10,,0,,
k,11,0,2,4,11,,0,,
k,11,0,2,4,12,,0,,
k,11,0,2,4,13,,2,,
k,11,0,2,4,14,,2,,
k,11,0,2,4,15,,2,,
k,11,0,2,4,16,,2,,
k,11,0,2,4,17,,2,,
k,11,0,2,4,18,,2,,
k,11,0,2,4,19,,2,,
k,11,0,2,4,20,,2,,
k,11,0,2,4,21,,2,,
k,11,0,2,5,1,2,1,2,1
k,11,0,2,5,2,2,1,1.5,1
k,11,0,2,5,3,2,0,2,1
k,11,0,2,5,4,2,0,,0
k,11,0,2,5,5,1,1,,0.5
k,11,0,2,5,6,1,2,,1
k,11,0,2,5,7,1.5,2,,0
k,11,0,2,5,8,2,2,,0
k,11,0,2,5,9,2,2,,1
k,11,0,2,5,10,,2,,
k,11,0,2,5,11,,0,,
k,11,0,2,5,12,,0,,
k,11,0,2,5,13,,2,,
k,11,0,2,5,14,,2,,
k,11,0,2,5,15,,2,,
k,11,0,2,5,16,,2,,
k,11,0,2,5,17,,2,,
k,11,0,2,5,18,,2,,
k,11,0,2,5,19,,2,,
k,11,0,2,5,20,,2,,
k,11,0,2,5,21,,2,,
k,11,0,2,6,1,2,2,2,1
k,11,0,2,6,2,2,1,2,1
k,11,0,2,6,3,2,0,2,1
k,11,0,2,6,4,2,0,,0
k,11,0,2,6,5,2,1,,0.5
k,11,0,2,6,6,2,1,,0.5
k,11,0,2,6,7,2,2,,0
k,11,0,2,6,8,2,2,,0
k,11,0,2,6,9,2,2,,0
k,11,0,2,6,10,,2,,
k,11,0,2,6,11,,0,,
k,11,0,2,6,12,,0,,
k,11,0,2,6,13,,2,,
k,11,0,2,6,14,,2,,
k,11,0,2,6,15,,2,,
k,11,0,2,6,16,,2,,
k,11,0,2,6,17,,2,,
k,11,0,2,6,18,,2,,
k,11,0,2,6,19,,2,,
k,11,0,2,6,20,,2,,
k,11,0,2,6,21,,2,,
k,11,0,2,7,1,2,1,2,1
k,11,0,2,7,2,2,0,2,1.5
k,11,0,2,7,3,2,0,2,1
k,11,0,2,7,4,2,0,,0
k,11,0,2,7,5,2,1,,1
k,11,0,2,7,6,2,1,,1
k,11,0,2,7,7,2,2,,0
k,11,0,2,7,8,2,2,,0
k,11,0,2,7,9,2,2,,1
k,11,0,2,7,10,,1,,
k,11,0,2,7,11,,0,,
k,11,0,2,7,12,,0,,
k,11,0,2,7,13,,2,,
k,11,0,2,7,14,,2,,
k,11,0,2,7,15,,2,,
k,11,0,2,7,16,,2,,
k,11,0,2,7,17,,2,,
k,11,0,2,7,18,,2,,
k,11,0,2,7,19,,2,,
k,11,0,2,7,20,,2,,
k,11,0,2,7,21,,2,,
k,11,0,2,8,1,2,,2,0
k,11,0,2,8,2,2,,2,0
k,11,0,2,8,3,2,,2,0
k,11,0,2,8,4,2,,,0
k,11,0,2,8,5,2,,,0.5
k,11,0,2,8,6,2,,,0
k,11,0,2,8,7,1.5,,,0
k,11,0,2,8,8,2,,,0
k,11,0,2,8,9,2,,,0
k,11,0,2,8,10,,,,
k,11,0,2,8,11,,,,
k,11,0,2,8,12,,,,
k,11,0,2,8,13,,,,
k,11,0,2,8,14,,,,
k,11,0,2,8,15,,,,
k,11,0,2,8,16,,,,
k,11,0,2,8,17,,,,
k,11,0,2,8,18,,,,
k,11,0,2,8,19,,,,
k,11,0,2,8,20,,,,
k,11,0,2,8,21,,1.5,,
k,11,0,2,9,1,2,,2,1
k,11,0,2,9,2,2,,2,2
k,11,0,2,9,3,2,,2,2
k,11,0,2,9,4,2,,,0
k,11,0,2,9,5,2,,,1
k,11,0,2,9,6,1.5,,,2
k,11,0,2,9,7,1,,,2
k,11,0,2,9,8,2,,,2
k,11,0,2,9,9,2,,,2.5
k,11,0,2,9,10,,,,
k,11,0,2,9,11,,,,
k,11,0,2,9,12,,,,
k,11,0,2,9,13,,,,
k,11,0,2,9,14,,,,
k,11,0,2,9,15,,,,
k,11,0,2,9,16,,,,
k,11,0,2,9,17,,,,
k,11,0,2,9,18,,,,
k,11,0,2,9,19,,,,
k,11,0,2,9,20,,,,
k,11,0,2,9,21,,1,,
l,12,1,2,2,1,2,2,2,0
l,12,1,2,2,2,2,2,2,1
l,12,1,2,2,3,2,2,2,0
l,12,1,2,2,4,2,1,,0
l,12,1,2,2,5,2,2,,0
l,12,1,2,2,6,2,2,,0
l,12,1,2,2,7,2,2,,0
l,12,1,2,2,8,2,2,,0
l,12,1,2,2,9,2,0,,0
l,12,1,2,2,10,,0,,
l,12,1,2,2,11,,2,,
l,12,1,2,2,12,,2,,
l,12,1,2,2,13,,2,,
l,12,1,2,2,14,,2,,
l,12,1,2,2,15,,2,,
l,12,1,2,2,16,,2,,
l,12,1,2,2,17,,2,,
l,12,1,2,2,18,,2,,
l,12,1,2,2,19,,2,,
l,12,1,2,2,20,,2,,
l,12,1,2,2,21,,2,,
l,12,1,2,3,1,2,2,2,0
l,12,1,2,3,2,2,1,2,0
l,12,1,2,3,3,2,1,2,0
l,12,1,2,3,4,2,1,,0
l,12,1,2,3,5,2,2,,0
l,12,1,2,3,6,2,2,,0
l,12,1,2,3,7,2,2,,0
l,12,1,2,3,8,2,2,,0
l,12,1,2,3,9,2,2,,0
l,12,1,2,3,10,,2,,
l,12,1,2,3,11,,2,,
l,12,1,2,3,12,,1,,
l,12,1,2,3,13,,2,,
l,12,1,2,3,14,,2,,
l,12,1,2,3,15,,2,,
l,12,1,2,3,16,,2,,
l,12,1,2,3,17,,2,,
l,12,1,2,3,18,,2,,
l,12,1,2,3,19,,2,,
l,12,1,2,3,20,,2,,
l,12,1,2,3,21,,2,,
l,12,1,2,4,1,2,2,2,1
l,12,1,2,4,2,2,2,2,1.5
l,12,1,2,4,3,2,2,2,1
l,12,1,2,4,4,2,2,,1
l,12,1,2,4,5,1,2,,0
l,12,1,2,4,6,2,2,,1
l,12,1,2,4,7,2,2,,0
l,12,1,2,4,8,2,2,,0
l,12,1,2,4,9,2,0,,1.5
l,12,1,2,4,10,,0,,
l,12,1,2,4,11,,2,,
l,12,1,2,4,12,,2,,
l,12,1,2,4,13,,2,,
l,12,1,2,4,14,,2,,
l,12,1,2,4,15,,2,,
l,12,1,2,4,16,,2,,
l,12,1,2,4,17,,2,,
l,12,1,2,4,18,,2,,
l,12,1,2,4,19,,2,,
l,12,1,2,4,20,,2,,
l,12,1,2,4,21,,2,,
l,12,1,2,5,1,2,1,2,0
l,12,1,2,5,2,2,2,2,0
l,12,1,2,5,3,2,1,2,1
l,12,1,2,5,4,2,1,,0.5
l,12,1,2,5,5,2,1,,0
l,12,1,2,5,6,2,2,,0
l,12,1,2,5,7,2,1,,0
l,12,1,2,5,8,2,1,,0
l,12,1,2,5,9,2,0,,0
l,12,1,2,5,10,,0,,
l,12,1,2,5,11,,0,,
l,12,1,2,5,12,,0,,
l,12,1,2,5,13,,2,,
l,12,1,2,5,14,,2,,
l,12,1,2,5,15,,2,,
l,12,1,2,5,16,,2,,
l,12,1,2,5,17,,2,,
l,12,1,2,5,18,,2,,
l,12,1,2,5,19,,2,,
l,12,1,2,5,20,,2,,
l,12,1,2,5,21,,2,,
l,12,1,2,6,1,2,2,2,1
l,12,1,2,6,2,2,2,2,1
l,12,1,2,6,3,2,1,2,0
l,12,1,2,6,4,2,1,,0
l,12,1,2,6,5,2,0,,0.5
l,12,1,2,6,6,2,1,,0.5
l,12,1,2,6,7,2,1,,0
l,12,1,2,6,8,2,2,,0
l,12,1,2,6,9,2,0,,0
l,12,1,2,6,10,,0,,
l,12,1,2,6,11,,0,,
l,12,1,2,6,12,,0,,
l,12,1,2,6,13,,2,,
l,12,1,2,6,14,,2,,
l,12,1,2,6,15,,2,,
l,12,1,2,6,16,,2,,
l,12,1,2,6,17,,2,,
l,12,1,2,6,18,,2,,
l,12,1,2,6,19,,2,,
l,12,1,2,6,20,,2,,
l,12,1,2,6,21,,2,,
l,12,1,2,7,1,2,,2,0
l,12,1,2,7,2,2,,2,1
l,12,1,2,7,3,2,,2,0
l,12,1,2,7,4,2,,,0
l,12,1,2,7,5,2,,,0.5
l,12,1,2,7,6,2,,,0.5
l,12,1,2,7,7,2,,,0
l,12,1,2,7,8,2,,,0
l,12,1,2,7,9,2,,,0
l,12,1,2,7,10,,,,
l,12,1,2,7,11,,,,
l,12,1,2,7,12,,,,
l,12,1,2,7,13,,,,
l,12,1,2,7,14,,,,
l,12,1,2,7,15,,,,
l,12,1,2,7,16,,,,
l,12,1,2,7,17,,,,
l,12,1,2,7,18,,,,
l,12,1,2,7,19,,,,
l,12,1,2,7,20,,,,
l,12,1,2,7,21,,2,,
l,12,1,2,8,1,2,,2,0
l,12,1,2,8,2,2,,2,1
l,12,1,2,8,3,2,,2,0
l,12,1,2,8,4,2,,,0
l,12,1,2,8,5,2,,,0.5
l,12,1,2,8,6,1.5,,,0.5
l,12,1,2,8,7,1.5,,,0
l,12,1,2,8,8,2,,,0
l,12,1,2,8,9,2,,,0
l,12,1,2,8,10,,,,
l,12,1,2,8,11,,,,
l,12,1,2,8,12,,,,
l,12,1,2,8,13,,,,
l,12,1,2,8,14,,,,
l,12,1,2,8,15,,,,
l,12,1,2,8,16,,,,
l,12,1,2,8,17,,,,
l,12,1,2,8,18,,,,
l,12,1,2,8,19,,,,
l,12,1,2,8,20,,,,
l,12,1,2,8,21,,1.5,,
l,12,1,2,9,1,2,,1,
l,12,1,2,9,2,2,,1,
l,12,1,2,9,3,2,,0.5,
l,12,1,2,9,4,2,,0,
l,12,1,2,9,5,2,,0,
l,12,1,2,9,6,1,,0,
l,12,1,2,9,7,1.5,,0,
l,12,1,2,9,8,2,,0,
l,12,1,2,9,9,2,,0,
l,12,1,2,9,10,,,,
l,12,1,2,9,11,,,,
l,12,1,2,9,12,,,,
l,12,1,2,9,13,,,,
l,12,1,2,9,14,,,,
l,12,1,2,9,15,,,,
l,12,1,2,9,16,,,,
l,12,1,2,9,17,,,,
l,12,1,2,9,18,,,,
l,12,1,2,9,19,,,,
l,12,1,2,9,20,,,,
l,12,1,2,9,21,,2,,
m,13,1,0,2,1,2,1,2,0
m,13,1,0,2,2,2,2,1,1
m,13,1,0,2,3,2,1,2,0
m,13,1,0,2,4,0,1,,0
m,13,1,0,2,5,2,2,,0
m,13,1,0,2,6,2,2,,0
m,13,1,0,2,7,2,2,,0
m,13,1,0,2,8,2,2,,0
m,13,1,0,2,9,2,0,,1.5
m,13,1,0,2,10,,1,,
m,13,1,0,2,11,,0,,
m,13,1,0,2,12,,2,,
m,13,1,0,2,13,,2,,
m,13,1,0,2,14,,2,,
m,13,1,0,2,15,,2,,
m,13,1,0,2,16,,2,,
m,13,1,0,2,17,,2,,
m,13,1,0,2,18,,1,,
m,13,1,0,2,19,,2,,
m,13,1,0,2,20,,2,,
m,13,1,0,2,21,,2,,
m,13,1,0,3,1,2,2,2,0
m,13,1,0,3,2,2,2,1.5,0.5
m,13,1,0,3,3,2,2,1,0
m,13,1,0,3,4,2,2,,0
m,13,1,0,3,5,1,2,,0
m,13,1,0,3,6,1,2,,0
m,13,1,0,3,7,2,2,,0
m,13,1,0,3,8,2,2,,0
m,13,1,0,3,9,2,2,,0
m,13,1,0,3,10,,2,,
m,13,1,0,3,11,,1,,
m,13,1,0,3,12,,2,,
m,13,1,0,3,13,,2,,
m,13,1,0,3,14,,2,,
m,13,1,0,3,15,,2,,
m,13,1,0,3,16,,2,,
m,13,1,0,3,17,,2,,
m,13,1,0,3,18,,2,,
m,13,1,0,3,19,,2,,
m,13,1,0,3,20,,2,,
m,13,1,0,3,21,,2,,
m,13,1,0,4,1,1,2,2,0
m,13,1,0,4,2,1,2,1,0
m,13,1,0,4,3,1,1,2,0
m,13,1,0,4,4,1,2,,0
m,13,1,0,4,5,1,2,,0
m,13,1,0,4,6,1,2,,0
m,13,1,0,4,7,2,2,,0
m,13,1,0,4,8,2,2,,0
m,13,1,0,4,9,2,2,,0
m,13,1,0,4,10,,2,,
m,13,1,0,4,11,,0,,
m,13,1,0,4,12,,0,,
m,13,1,0,4,13,,2,,
m,13,1,0,4,14,,2,,
m,13,1,0,4,15,,2,,
m,13,1,0,4,16,,2,,
m,13,1,0,4,17,,2,,
m,13,1,0,4,18,,2,,
m,13,1,0,4,19,,2,,
m,13,1,0,4,20,,2,,
m,13,1,0,4,21,,2,,
m,13,1,0,5,1,2,2,2,0
m,13,1,0,5,2,2,2,1.5,0
m,13,1,0,5,3,2,2,2,0
m,13,1,0,5,4,2,1,,0
m,13,1,0,5,5,2,2,,0
m,13,1,0,5,6,2,2,,0
m,13,1,0,5,7,2,2,,0
m,13,1,0,5,8,2,2,,0
m,13,1,0,5,9,0,0,,0
m,13,1,0,5,10,,2,,
m,13,1,0,5,11,,1.5,,
m,13,1,0,5,12,,1.5,,
m,13,1,0,5,13,,2,,
m,13,1,0,5,14,,2,,
m,13,1,0,5,15,,1.5,,
m,13,1,0,5,16,,2,,
m,13,1,0,5,17,,2,,
m,13,1,0,5,18,,1,,
m,13,1,0,5,19,,2,,
m,13,1,0,5,20,,2,,
m,13,1,0,5,21,,2,,
m,13,1,0,6,1,2,2,2,0
m,13,1,0,6,2,2,2,1.5,0
m,13,1,0,6,3,2,2,2,0
m,13,1,0,6,4,2,1,,0
m,13,1,0,6,5,2,1,,0
m,13,1,0,6,6,2,1,,0
m,13,1,0,6,7,2,2,,0
m,13,1,0,6,8,2,2,,0
m,13,1,0,6,9,2,2,,0
m,13,1,0,6,10,,1,,
m,13,1,0,6,11,,2,,
m,13,1,0,6,12,,2,,
m,13,1,0,6,13,,2,,
m,13,1,0,6,14,,2,,
m,13,1,0,6,15,,2,,
m,13,1,0,6,16,,2,,
m,13,1,0,6,17,,2,,
m,13,1,0,6,18,,2,,
m,13,1,0,6,19,,2,,
m,13,1,0,6,20,,2,,
m,13,1,0,6,21,,2,,
m,13,1,0,7,1,2,,2,0
m,13,1,0,7,2,2,,2,0
m,13,1,0,7,3,2,,2,0
m,13,1,0,7,4,2,,,0
m,13,1,0,7,5,2,,,0
m,13,1,0,7,6,2,,,0
m,13,1,0,7,7,2,,,0
m,13,1,0,7,8,2,,,0
m,13,1,0,7,9,0,,,0
m,13,1,0,7,10,,,,
m,13,1,0,7,11,,,,
m,13,1,0,7,12,,,,
m,13,1,0,7,13,,,,
m,13,1,0,7,14,,,,
m,13,1,0,7,15,,,,
m,13,1,0,7,16,,,,
m,13,1,0,7,17,,,,
m,13,1,0,7,18,,,,
m,13,1,0,7,19,,,,
m,13,1,0,7,20,,,,
m,13,1,0,7,21,,1.5,,
m,13,1,0,8,1,2,,2,0
m,13,1,0,8,2,2,,1.5,0
m,13,1,0,8,3,2,,2,0
m,13,1,0,8,4,2,,,0
m,13,1,0,8,5,2,,,0
m,13,1,0,8,6,2,,,0
m,13,1,0,8,7,2,,,0
m,13,1,0,8,8,2,,,0
m,13,1,0,8,9,0,,,0
m,13,1,0,8,10,,,,
m,13,1,0,8,11,,,,
m,13,1,0,8,12,,,,
m,13,1,0,8,13,,,,
m,13,1,0,8,14,,,,
m,13,1,0,8,15,,,,
m,13,1,0,8,16,,,,
m,13,1,0,8,17,,,,
m,13,1,0,8,18,,,,
m,13,1,0,8,19,,,,
m,13,1,0,8,20,,,,
m,13,1,0,8,21,,2,,
m,13,1,0,9,1,2,,2,0
m,13,1,0,9,2,2,,1.5,0
m,13,1,0,9,3,2,,2,0
m,13,1,0,9,4,2,,,0
m,13,1,0,9,5,2,,,0
m,13,1,0,9,6,1,,,0
m,13,1,0,9,7,2,,,0
m,13,1,0,9,8,2,,,0
m,13,1,0,9,9,2,,,0
m,13,1,0,9,10,,,,
m,13,1,0,9,11,,,,
m,13,1,0,9,12,,,,
m,13,1,0,9,13,,,,
m,13,1,0,9,14,,,,
m,13,1,0,9,15,,,,
m,13,1,0,9,16,,,,
m,13,1,0,9,17,,,,
m,13,1,0,9,18,,,,
m,13,1,0,9,19,,,,
m,13,1,0,9,20,,,,
m,13,1,0,9,21,,2,,
n,14,1,0,2,1,2,1.5,2,0
n,14,1,0,2,2,2,1.5,2,0
n,14,1,0,2,3,2,2,2,0
n,14,1,0,2,4,2,2,,0
n,14,1,0,2,5,2,2,,0
n,14,1,0,2,6,1.5,2,,0
n,14,1,0,2,7,2,1,,0
n,14,1,0,2,8,2,2,,0
n,14,1,0,2,9,2,2,,0
n,14,1,0,2,10,,2,,
n,14,1,0,2,11,,2,,
n,14,1,0,2,12,,2,,
n,14,1,0,2,13,,2,,
n,14,1,0,2,14,,2,,
n,14,1,0,2,15,,2,,
n,14,1,0,2,16,,2,,
n,14,1,0,2,17,,2,,
n,14,1,0,2,18,,1,,
n,14,1,0,2,19,,2,,
n,14,1,0,2,20,,2,,
n,14,1,0,2,21,,2,,
n,14,1,0,3,1,1,2,2,1
n,14,1,0,3,2,1,2,2,1
n,14,1,0,3,3,1,1,2,1
n,14,1,0,3,4,2,2,,0
n,14,1,0,3,5,1,1,,0
n,14,1,0,3,6,1,0,,0.5
n,14,1,0,3,7,1.5,1,,0
n,14,1,0,3,8,2,1,,0
n,14,1,0,3,9,2,1,,0
n,14,1,0,3,10,,0,,
n,14,1,0,3,11,,2,,
n,14,1,0,3,12,,2,,
n,14,1,0,3,13,,2,,
n,14,1,0,3,14,,2,,
n,14,1,0,3,15,,2,,
n,14,1,0,3,16,,2,,
n,14,1,0,3,17,,2,,
n,14,1,0,3,18,,0.5,,
n,14,1,0,3,19,,2,,
n,14,1,0,3,20,,1,,
n,14,1,0,3,21,,2,,
n,14,1,0,4,1,2,2,2,0
n,14,1,0,4,2,2,2,1.5,0
n,14,1,0,4,3,2,2,1,0
n,14,1,0,4,4,2,1,,0
n,14,1,0,4,5,2,2,,0
n,14,1,0,4,6,2,1,,0
n,14,1,0,4,7,1.5,1,,0
n,14,1,0,4,8,2,2,,0
n,14,1,0,4,9,2,0,,0
n,14,1,0,4,10,,1,,
n,14,1,0,4,11,,2,,
n,14,1,0,4,12,,2,,
n,14,1,0,4,13,,2,,
n,14,1,0,4,14,,2,,
n,14,1,0,4,15,,2,,
n,14,1,0,4,16,,2,,
n,14,1,0,4,17,,2,,
n,14,1,0,4,18,,2,,
n,14,1,0,4,19,,2,,
n,14,1,0,4,20,,2,,
n,14,1,0,4,21,,1,,
n,14,1,0,5,1,2,0.5,2,1
n,14,1,0,5,2,1,1,2,1.5
n,14,1,0,5,3,2,1,2,0
n,14,1,0,5,4,2,1,,0
n,14,1,0,5,5,1,2,,1
n,14,1,0,5,6,1,2,,0
n,14,1,0,5,7,1.5,2,,0
n,14,1,0,5,8,2,2,,0
n,14,1,0,5,9,2,0,,1.5
n,14,1,0,5,10,,0,,
n,14,1,0,5,11,,2,,
n,14,1,0,5,12,,2,,
n,14,1,0,5,13,,2,,
n,14,1,0,5,14,,2,,
n,14,1,0,5,15,,2,,
n,14,1,0,5,16,,1,,
n,14,1,0,5,17,,2,,
n,14,1,0,5,18,,1,,
n,14,1,0,5,19,,2,,
n,14,1,0,5,20,,2,,
n,14,1,0,5,21,,2,,
n,14,1,0,6,1,2,1,2,0
n,14,1,0,6,2,2,2,2,0
n,14,1,0,6,3,2,1,2,0
n,14,1,0,6,4,2,1,,0
n,14,1,0,6,5,1,2,,0
n,14,1,0,6,6,2,1,,0
n,14,1,0,6,7,2,2,,0
n,14,1,0,6,8,2,2,,0
n,14,1,0,6,9,2,1,,0
n,14,1,0,6,10,,1,,
n,14,1,0,6,11,,2,,
n,14,1,0,6,12,,2,,
n,14,1,0,6,13,,2,,
n,14,1,0,6,14,,2,,
n,14,1,0,6,15,,2,,
n,14,1,0,6,16,,1,,
n,14,1,0,6,17,,1,,
n,14,1,0,6,18,,1,,
n,14,1,0,6,19,,2,,
n,14,1,0,6,20,,2,,
n,14,1,0,6,21,,2,,
n,14,1,0,7,1,2,,2,0
n,14,1,0,7,2,2,,2,1
n,14,1,0,7,3,2,,1,0
n,14,1,0,7,4,2,,,0
n,14,1,0,7,5,2,,,0.5
n,14,1,0,7,6,2,,,0
n,14,1,0,7,7,1.5,,,0
n,14,1,0,7,8,2,,,0
n,14,1,0,7,9,2,,,0
n,14,1,0,7,10,,,,
n,14,1,0,7,11,,,,
n,14,1,0,7,12,,,,
n,14,1,0,7,13,,,,
n,14,1,0,7,14,,,,
n,14,1,0,7,15,,,,
n,14,1,0,7,16,,,,
n,14,1,0,7,17,,,,
n,14,1,0,7,18,,,,
n,14,1,0,7,19,,,,
n,14,1,0,7,20,,,,
n,14,1,0,7,21,,1.5,,
n,14,1,0,8,1,2,,2,1
n,14,1,0,8,2,2,,1.5,1.5
n,14,1,0,8,3,2,,1,0
n,14,1,0,8,4,2,,,0
n,14,1,0,8,5,2,,,0
n,14,1,0,8,6,2,,,0
n,14,1,0,8,7,2,,,0
n,14,1,0,8,8,2,,,0
n,14,1,0,8,9,2,,,0
n,14,1,0,8,10,,,,
n,14,1,0,8,11,,,,
n,14,1,0,8,12,,,,
n,14,1,0,8,13,,,,
n,14,1,0,8,14,,,,
n,14,1,0,8,15,,,,
n,14,1,0,8,16,,,,
n,14,1,0,8,17,,,,
n,14,1,0,8,18,,,,
n,14,1,0,8,19,,,,
n,14,1,0,8,20,,,,
n,14,1,0,8,21,,0.5,,
n,14,1,0,9,1,2,,2,1
n,14,1,0,9,2,2,,2,1.5
n,14,1,0,9,3,2,,2,0
n,14,1,0,9,4,2,,,0
n,14,1,0,9,5,1,,,1
n,14,1,0,9,6,2,,,0
n,14,1,0,9,7,1.5,,,1
n,14,1,0,9,8,2,,,0
n,14,1,0,9,9,2,,,0.5
n,14,1,0,9,10,,,,
n,14,1,0,9,11,,,,
n,14,1,0,9,12,,,,
n,14,1,0,9,13,,,,
n,14,1,0,9,14,,,,
n,14,1,0,9,15,,,,
n,14,1,0,9,16,,,,
n,14,1,0,9,17,,,,
n,14,1,0,9,18,,,,
n,14,1,0,9,19,,,,
n,14,1,0,9,20,,,,
n,14,1,0,9,21,,1,,
o,15,1,0,2,1,2,2,2,1
o,15,1,0,2,2,2,2,1,1
o,15,1,0,2,3,2,1,2,1
o,15,1,0,2,4,2,1,,0
o,15,1,0,2,5,2,2,,0
o,15,1,0,2,6,2,2,,0.5
o,15,1,0,2,7,2,2,,0
o,15,1,0,2,8,2,2,,0
o,15,1,0,2,9,2,2,,0
o,15,1,0,2,10,,2,,
o,15,1,0,2,11,,1.5,,
o,15,1,0,2,12,,1.5,,
o,15,1,0,2,13,,2,,
o,15,1,0,2,14,,2,,
o,15,1,0,2,15,,2,,
o,15,1,0,2,16,,2,,
o,15,1,0,2,17,,2,,
o,15,1,0,2,18,,2,,
o,15,1,0,2,19,,2,,
o,15,1,0,2,20,,2,,
o,15,1,0,2,21,,2,,
o,15,1,0,3,1,2,2,2,0
o,15,1,0,3,2,2,2,2,0
o,15,1,0,3,3,2,2,2,0
o,15,1,0,3,4,2,2,,0
o,15,1,0,3,5,2,1,,0
o,15,1,0,3,6,2,2,,0
o,15,1,0,3,7,2,2,,0
o,15,1,0,3,8,2,2,,0
o,15,1,0,3,9,2,2,,0
o,15,1,0,3,10,,2,,
o,15,1,0,3,11,,2,,
o,15,1,0,3,12,,2,,
o,15,1,0,3,13,,2,,
o,15,1,0,3,14,,2,,
o,15,1,0,3,15,,2,,
o,15,1,0,3,16,,1,,
o,15,1,0,3,17,,2,,
o,15,1,0,3,18,,2,,
o,15,1,0,3,19,,2,,
o,15,1,0,3,20,,2,,
o,15,1,0,3,21,,2,,
o,15,1,0,4,1,2,2,2,0
o,15,1,0,4,2,2,2,1,0
o,15,1,0,4,3,2,1,2,0
o,15,1,0,4,4,2,2,,0
o,15,1,0,4,5,2,2,,0
o,15,1,0,4,6,2,2,,0
o,15,1,0,4,7,2,2,,0
o,15,1,0,4,8,2,2,,0
o,15,1,0,4,9,2,2,,0
o,15,1,0,4,10,,2,,
o,15,1,0,4,11,,2,,
o,15,1,0,4,12,,2,,
o,15,1,0,4,13,,2,,
o,15,1,0,4,14,,2,,
o,15,1,0,4,15,,2,,
o,15,1,0,4,16,,2,,
o,15,1,0,4,17,,2,,
o,15,1,0,4,18,,2,,
o,15,1,0,4,19,,2,,
o,15,1,0,4,20,,2,,
o,15,1,0,4,21,,2,,
o,15,1,0,5,1,2,2,2,0
o,15,1,0,5,2,2,2,1.5,1
o,15,1,0,5,3,2,1,2,0
o,15,1,0,5,4,2,2,,0
o,15,1,0,5,5,2,2,,0
o,15,1,0,5,6,2,1,,0
o,15,1,0,5,7,2,2,,0
o,15,1,0,5,8,2,1,,0
o,15,1,0,5,9,2,1,,0
o,15,1,0,5,10,,1,,
o,15,1,0,5,11,,2,,
o,15,1,0,5,12,,0,,
o,15,1,0,5,13,,2,,
o,15,1,0,5,14,,2,,
o,15,1,0,5,15,,2,,
o,15,1,0,5,16,,2,,
o,15,1,0,5,17,,2,,
o,15,1,0,5,18,,2,,
o,15,1,0,5,19,,2,,
o,15,1,0,5,20,,2,,
o,15,1,0,5,21,,2,,
o,15,1,0,6,1,2,2,2,0
o,15,1,0,6,2,2,2,2,0
o,15,1,0,6,3,2,1.5,2,0
o,15,1,0,6,4,2,2,,0
o,15,1,0,6,5,2,2,,0
o,15,1,0,6,6,2,2,,0
o,15,1,0,6,7,2,1,,0
o,15,1,0,6,8,2,1,,0
o,15,1,0,6,9,2,2,,0
o,15,1,0,6,10,,2,,
o,15,1,0,6,11,,2,,
o,15,1,0,6,12,,2,,
o,15,1,0,6,13,,2,,
o,15,1,0,6,14,,2,,
o,15,1,0,6,15,,2,,
o,15,1,0,6,16,,2,,
o,15,1,0,6,17,,2,,
o,15,1,0,6,18,,2,,
o,15,1,0,6,19,,2,,
o,15,1,0,6,20,,2,,
o,15,1,0,6,21,,2,,
o,15,1,0,7,1,2,,2,0
o,15,1,0,7,2,2,,2,0
o,15,1,0,7,3,2,,2,0
o,15,1,0,7,4,2,,,0
o,15,1,0,7,5,2,,,0
o,15,1,0,7,6,2,,,0
o,15,1,0,7,7,2,,,0
o,15,1,0,7,8,2,,,0
o,15,1,0,7,9,2,,,0
o,15,1,0,7,10,,,,
o,15,1,0,7,11,,,,
o,15,1,0,7,12,,,,
o,15,1,0,7,13,,,,
o,15,1,0,7,14,,,,
o,15,1,0,7,15,,,,
o,15,1,0,7,16,,,,
o,15,1,0,7,17,,,,
o,15,1,0,7,18,,,,
o,15,1,0,7,19,,,,
o,15,1,0,7,20,,,,
o,15,1,0,7,21,,2,,
o,15,1,0,8,1,2,,2,0
o,15,1,0,8,2,2,,2,1
o,15,1,0,8,3,2,,1,0.5
o,15,1,0,8,4,2,,,0
o,15,1,0,8,5,2,,,0
o,15,1,0,8,6,2,,,0
o,15,1,0,8,7,2,,,0
o,15,1,0,8,8,2,,,0
o,15,1,0,8,9,2,,,0
o,15,1,0,8,10,,,,
o,15,1,0,8,11,,,,
o,15,1,0,8,12,,,,
o,15,1,0,8,13,,,,
o,15,1,0,8,14,,,,
o,15,1,0,8,15,,,,
o,15,1,0,8,16,,,,
o,15,1,0,8,17,,,,
o,15,1,0,8,18,,,,
o,15,1,0,8,19,,,,
o,15,1,0,8,20,,,,
o,15,1,0,8,21,,2,,
o,15,1,0,9,1,2,,2,0
o,15,1,0,9,2,2,,2,1
o,15,1,0,9,3,2,,1,0
o,15,1,0,9,4,2,,,0
o,15,1,0,9,5,2,,,0
o,15,1,0,9,6,2,,,0
o,15,1,0,9,7,2,,,0
o,15,1,0,9,8,2,,,0
o,15,1,0,9,9,2,,,0
o,15,1,0,9,10,,,,
o,15,1,0,9,11,,,,
o,15,1,0,9,12,,,,
o,15,1,0,9,13,,,,
o,15,1,0,9,14,,,,
o,15,1,0,9,15,,,,
o,15,1,0,9,16,,,,
o,15,1,0,9,17,,,,
o,15,1,0,9,18,,,,
o,15,1,0,9,19,,,,
o,15,1,0,9,20,,,,
o,15,1,0,9,21,,2,,
p,16,0,0,2,1,2,2,2,0
p,16,0,0,2,2,2,2,2,1
p,16,0,0,2,3,2,2,2,0.5
p,16,0,0,2,4,2,2,,0
p,16,0,0,2,5,1,1,,0.5
p,16,0,0,2,6,1,1,,0
p,16,0,0,2,7,2,2,,0
p,16,0,0,2,8,2,1,,0
p,16,0,0,2,9,2,2,,0
p,16,0,0,2,10,,2,,
p,16,0,0,2,11,,2,,
p,16,0,0,2,12,,2,,
p,16,0,0,2,13,,2,,
p,16,0,0,2,14,,2,,
p,16,0,0,2,15,,2,,
p,16,0,0,2,16,,2,,
p,16,0,0,2,17,,2,,
p,16,0,0,2,18,,1,,
p,16,0,0,2,19,,2,,
p,16,0,0,2,20,,2,,
p,16,0,0,2,21,,2,,
p,16,0,0,3,1,2,2,2,0
p,16,0,0,3,2,2,1,1,1
p,16,0,0,3,3,2,2,2,0
p,16,0,0,3,4,2,1,,0
p,16,0,0,3,5,2,2,,0
p,16,0,0,3,6,2,2,,0.5
p,16,0,0,3,7,2,2,,0
p,16,0,0,3,8,2,2,,0
p,16,0,0,3,9,2,2,,0
p,16,0,0,3,10,,1,,
p,16,0,0,3,11,,2,,
p,16,0,0,3,12,,0,,
p,16,0,0,3,13,,2,,
p,16,0,0,3,14,,2,,
p,16,0,0,3,15,,2,,
p,16,0,0,3,16,,2,,
p,16,0,0,3,17,,2,,
p,16,0,0,3,18,,1,,
p,16,0,0,3,19,,2,,
p,16,0,0,3,20,,2,,
p,16,0,0,3,21,,2,,
p,16,0,0,4,1,2,1,2,0
p,16,0,0,4,2,2,1,1,1
p,16,0,0,4,3,2,2,2,0
p,16,0,0,4,4,2,1,,1
p,16,0,0,4,5,2,2,,0
p,16,0,0,4,6,2,2,,0
p,16,0,0,4,7,2,2,,0
p,16,0,0,4,8,2,2,,0
p,16,0,0,4,9,2,2,,0
p,16,0,0,4,10,,2,,
p,16,0,0,4,11,,2,,
p,16,0,0,4,12,,2,,
p,16,0,0,4,13,,2,,
p,16,0,0,4,14,,2,,
p,16,0,0,4,15,,2,,
p,16,0,0,4,16,,2,,
p,16,0,0,4,17,,2,,
p,16,0,0,4,18,,2,,
p,16,0,0,4,19,,2,,
p,16,0,0,4,20,,2,,
p,16,0,0,4,21,,2,,
p,16,0,0,5,1,2,1,2,0
p,16,0,0,5,2,2,2,2,0
p,16,0,0,5,3,2,1,2,0
p,16,0,0,5,4,2,1,,0
p,16,0,0,5,5,2,2,,0
p,16,0,0,5,6,2,2,,0
p,16,0,0,5,7,2,1,,0
p,16,0,0,5,8,2,2,,0
p,16,0,0,5,9,2,1,,0
p,16,0,0,5,10,,2,,
p,16,0,0,5,11,,2,,
p,16,0,0,5,12,,2,,
p,16,0,0,5,13,,2,,
p,16,0,0,5,14,,2,,
p,16,0,0,5,15,,2,,
p,16,0,0,5,16,,2,,
p,16,0,0,5,17,,2,,
p,16,0,0,5,18,,2,,
p,16,0,0,5,19,,2,,
p,16,0,0,5,20,,2,,
p,16,0,0,5,21,,2,,
p,16,0,0,6,1,2,2,2,0
p,16,0,0,6,2,2,1.5,2,1
p,16,0,0,6,3,2,2,2,0
p,16,0,0,6,4,2,1.5,,0
p,16,0,0,6,5,1,2,,0
p,16,0,0,6,6,2,1,,0
p,16,0,0,6,7,2,2,,0
p,16,0,0,6,8,2,2,,0
p,16,0,0,6,9,2,2,,0
p,16,0,0,6,10,,2,,
p,16,0,0,6,11,,2,,
p,16,0,0,6,12,,2,,
p,16,0,0,6,13,,2,,
p,16,0,0,6,14,,2,,
p,16,0,0,6,15,,2,,
p,16,0,0,6,16,,2,,
p,16,0,0,6,17,,2,,
p,16,0,0,6,18,,2,,
p,16,0,0,6,19,,2,,
p,16,0,0,6,20,,2,,
p,16,0,0,6,21,,2,,
p,16,0,0,7,1,2,,2,0
p,16,0,0,7,2,2,,2,0
p,16,0,0,7,3,2,,2,0
p,16,0,0,7,4,2,,,0
p,16,0,0,7,5,2,,,0
p,16,0,0,7,6,2,,,0
p,16,0,0,7,7,2,,,0
p,16,0,0,7,8,2,,,0
p,16,0,0,7,9,2,,,0
p,16,0,0,7,10,,,,
p,16,0,0,7,11,,,,
p,16,0,0,7,12,,,,
p,16,0,0,7,13,,,,
p,16,0,0,7,14,,,,
p,16,0,0,7,15,,,,
p,16,0,0,7,16,,,,
p,16,0,0,7,17,,,,
p,16,0,0,7,18,,,,
p,16,0,0,7,19,,,,
p,16,0,0,7,20,,,,
p,16,0,0,7,21,,1,,
p,16,0,0,8,1,2,,2,0
p,16,0,0,8,2,2,,2,0
p,16,0,0,8,3,2,,2,0
p,16,0,0,8,4,2,,,0
p,16,0,0,8,5,1,,,0
p,16,0,0,8,6,2,,,0
p,16,0,0,8,7,2,,,0
p,16,0,0,8,8,2,,,0
p,16,0,0,8,9,2,,,0
p,16,0,0,8,10,,,,
p,16,0,0,8,11,,,,
p,16,0,0,8,12,,,,
p,16,0,0,8,13,,,,
p,16,0,0,8,14,,,,
p,16,0,0,8,15,,,,
p,16,0,0,8,16,,,,
p,16,0,0,8,17,,,,
p,16,0,0,8,18,,,,
p,16,0,0,8,19,,,,
p,16,0,0,8,20,,,,
p,16,0,0,8,21,,2,,
p,16,0,0,9,1,2,,2,0
p,16,0,0,9,2,2,,2,0
p,16,0,0,9,3,2,,2,0
p,16,0,0,9,4,2,,,0
p,16,0,0,9,5,2,,,0
p,16,0,0,9,6,2,,,0
p,16,0,0,9,7,2,,,0
p,16,0,0,9,8,2,,,0
p,16,0,0,9,9,2,,,0
p,16,0,0,9,10,,,,
p,16,0,0,9,11,,,,
p,16,0,0,9,12,,,,
p,16,0,0,9,13,,,,
p,16,0,0,9,14,,,,
p,16,0,0,9,15,,,,
p,16,0,0,9,16,,,,
p,16,0,0,9,17,,,,
p,16,0,0,9,18,,,,
p,16,0,0,9,19,,,,
p,16,0,0,9,20,,,,
p,16,0,0,9,21,,1.5,,
q,17,0,0,2,1,2,2,1,1
q,17,0,0,2,2,2,2,0,1.5
q,17,0,0,2,3,2,2,0,1.5
q,17,0,0,2,4,2,2,,0
q,17,0,0,2,5,2,2,,1
q,17,0,0,2,6,2,1,,0.5
q,17,0,0,2,7,2,2,,0
q,17,0,0,2,8,2,2,,0
q,17,0,0,2,9,2,2,,0
q,17,0,0,2,10,,2,,
q,17,0,0,2,11,,2,,
q,17,0,0,2,12,,2,,
q,17,0,0,2,13,,2,,
q,17,0,0,2,14,,2,,
q,17,0,0,2,15,,2,,
q,17,0,0,2,16,,1,,
q,17,0,0,2,17,,2,,
q,17,0,0,2,18,,1,,
q,17,0,0,2,19,,2,,
q,17,0,0,2,20,,2,,
q,17,0,0,2,21,,2,,
q,17,0,0,3,1,2,2,2,1
q,17,0,0,3,2,2,2,1.5,1
q,17,0,0,3,3,2,2,1,1
q,17,0,0,3,4,2,2,,0
q,17,0,0,3,5,2,2,,0
q,17,0,0,3,6,2,2,,1
q,17,0,0,3,7,2,2,,0
q,17,0,0,3,8,2,2,,0
q,17,0,0,3,9,2,1,,0
q,17,0,0,3,10,,1,,
q,17,0,0,3,11,,2,,
q,17,0,0,3,12,,2,,
q,17,0,0,3,13,,2,,
q,17,0,0,3,14,,2,,
q,17,0,0,3,15,,2,,
q,17,0,0,3,16,,2,,
q,17,0,0,3,17,,2,,
q,17,0,0,3,18,,2,,
q,17,0,0,3,19,,2,,
q,17,0,0,3,20,,2,,
q,17,0,0,3,21,,2,,
q,17,0,0,4,1,2,2,2,0
q,17,0,0,4,2,2,2,1,2
q,17,0,0,4,3,2,2,2,0
q,17,0,0,4,4,2,2,,0
q,17,0,0,4,5,1,1,,1
q,17,0,0,4,6,1,2,,0
q,17,0,0,4,7,2,2,,0
q,17,0,0,4,8,2,2,,0
q,17,0,0,4,9,2,0,,0
q,17,0,0,4,10,,1,,
q,17,0,0,4,11,,2,,
q,17,0,0,4,12,,2,,
q,17,0,0,4,13,,2,,
q,17,0,0,4,14,,2,,
q,17,0,0,4,15,,2,,
q,17,0,0,4,16,,2,,
q,17,0,0,4,17,,2,,
q,17,0,0,4,18,,2,,
q,17,0,0,4,19,,2,,
q,17,0,0,4,20,,2,,
q,17,0,0,4,21,,2,,
q,17,0,0,5,1,2,2,2,0
q,17,0,0,5,2,2,1,2,1.5
q,17,0,0,5,3,2,2,1,0
q,17,0,0,5,4,2,2,,0
q,17,0,0,5,5,2,1.5,,0
q,17,0,0,5,6,2,1,,0
q,17,0,0,5,7,2,2,,0
q,17,0,0,5,8,2,2,,0
q,17,0,0,5,9,2,1,,0
q,17,0,0,5,10,,1,,
q,17,0,0,5,11,,2,,
q,17,0,0,5,12,,2,,
q,17,0,0,5,13,,2,,
q,17,0,0,5,14,,2,,
q,17,0,0,5,15,,2,,
q,17,0,0,5,16,,2,,
q,17,0,0,5,17,,2,,
q,17,0,0,5,18,,2,,
q,17,0,0,5,19,,2,,
q,17,0,0,5,20,,2,,
q,17,0,0,5,21,,2,,
q,17,0,0,6,1,2,2,2,0
q,17,0,0,6,2,2,2,1,0
q,17,0,0,6,3,2,2,2,0
q,17,0,0,6,4,2,1,,0
q,17,0,0,6,5,1,2,,0
q,17,0,0,6,6,1,1,,0
q,17,0,0,6,7,2,2,,0
q,17,0,0,6,8,2,2,,0
q,17,0,0,6,9,2,1,,1
q,17,0,0,6,10,,1,,
q,17,0,0,6,11,,1.5,,
q,17,0,0,6,12,,1.5,,
q,17,0,0,6,13,,2,,
q,17,0,0,6,14,,2,,
q,17,0,0,6,15,,2,,
q,17,0,0,6,16,,2,,
q,17,0,0,6,17,,2,,
q,17,0,0,6,18,,2,,
q,17,0,0,6,19,,2,,
q,17,0,0,6,20,,2,,
q,17,0,0,6,21,,2,,
q,17,0,0,7,1,2,2,2,0
q,17,0,0,7,2,2,2,2,0
q,17,0,0,7,3,2,1,2,0
q,17,0,0,7,4,2,2,,0
q,17,0,0,7,5,2,2,,0
q,17,0,0,7,6,2,1,,0
q,17,0,0,7,7,2,1,,0
q,17,0,0,7,8,2,2,,0
q,17,0,0,7,9,2,1,,0
q,17,0,0,7,10,,2,,
q,17,0,0,7,11,,2,,
q,17,0,0,7,12,,2,,
q,17,0,0,7,13,,2,,
q,17,0,0,7,14,,2,,
q,17,0,0,7,15,,2,,
q,17,0,0,7,16,,1,,
q,17,0,0,7,17,,2,,
q,17,0,0,7,18,,2,,
q,17,0,0,7,19,,2,,
q,17,0,0,7,20,,2,,
q,17,0,0,7,21,,2,,
q,17,0,0,8,1,2,,2,0
q,17,0,0,8,2,2,,1.5,0
q,17,0,0,8,3,2,,2,0
q,17,0,0,8,4,2,,,0
q,17,0,0,8,5,2,,,0
q,17,0,0,8,6,2,,,0
q,17,0,0,8,7,2,,,0
q,17,0,0,8,8,2,,,0
q,17,0,0,8,9,2,,,0
q,17,0,0,8,10,,,,
q,17,0,0,8,11,,,,
q,17,0,0,8,12,,,,
q,17,0,0,8,13,,,,
q,17,0,0,8,14,,,,
q,17,0,0,8,15,,,,
q,17,0,0,8,16,,,,
q,17,0,0,8,17,,,,
q,17,0,0,8,18,,,,
q,17,0,0,8,19,,,,
q,17,0,0,8,20,,,,
q,17,0,0,8,21,,2,,
q,17,0,0,9,1,2,,2,0
q,17,0,0,9,2,2,,1.5,0
q,17,0,0,9,3,2,,2,0
q,17,0,0,9,4,2,,,0
q,17,0,0,9,5,2,,,0
q,17,0,0,9,6,2,,,0
q,17,0,0,9,7,2,,,0
q,17,0,0,9,8,2,,,0
q,17,0,0,9,9,2,,,0
q,17,0,0,9,10,,,,
q,17,0,0,9,11,,,,
q,17,0,0,9,12,,,,
q,17,0,0,9,13,,,,
q,17,0,0,9,14,,,,
q,17,0,0,9,15,,,,
q,17,0,0,9,16,,,,
q,17,0,0,9,17,,,,
q,17,0,0,9,18,,,,
q,17,0,0,9,19,,,,
q,17,0,0,9,20,,,,
q,17,0,0,9,21,,2,,
r,18,0,0,2,1,1.5,2,2,2
r,18,0,0,2,2,1.5,2,1.5,1.5
r,18,0,0,2,3,2,2,2,1
r,18,0,0,2,4,2,1,,0
r,18,0,0,2,5,2,1.5,,1
r,18,0,0,2,6,2,1,,0.5
r,18,0,0,2,7,1.5,2,,0
r,18,0,0,2,8,2,2,,0
r,18,0,0,2,9,2,2,,0
r,18,0,0,2,10,,2,,
r,18,0,0,2,11,,2,,
r,18,0,0,2,12,,2,,
r,18,0,0,2,13,,2,,
r,18,0,0,2,14,,2,,
r,18,0,0,2,15,,2,,
r,18,0,0,2,16,,2,,
r,18,0,0,2,17,,2,,
r,18,0,0,2,18,,1,,
r,18,0,0,2,19,,2,,
r,18,0,0,2,20,,2,,
r,18,0,0,2,21,,2,,
r,18,0,0,3,1,2,1,2,0
r,18,0,0,3,2,2,2,1.5,0
r,18,0,0,3,3,2,1,2,0
r,18,0,0,3,4,2,1,,0
r,18,0,0,3,5,2,2,,0
r,18,0,0,3,6,2,2,,0
r,18,0,0,3,7,2,2,,0
r,18,0,0,3,8,2,2,,0
r,18,0,0,3,9,2,2,,1
r,18,0,0,3,10,,2,,
r,18,0,0,3,11,,2,,
r,18,0,0,3,12,,2,,
r,18,0,0,3,13,,2,,
r,18,0,0,3,14,,2,,
r,18,0,0,3,15,,2,,
r,18,0,0,3,16,,2,,
r,18,0,0,3,17,,2,,
r,18,0,0,3,18,,2,,
r,18,0,0,3,19,,2,,
r,18,0,0,3,20,,2,,
r,18,0,0,3,21,,2,,
r,18,0,0,4,1,2,2,2,0
r,18,0,0,4,2,2,2,1,0
r,18,0,0,4,3,2,2,2,0
r,18,0,0,4,4,2,2,,0
r,18,0,0,4,5,2,2,,0
r,18,0,0,4,6,2,1,,0
r,18,0,0,4,7,2,2,,0
r,18,0,0,4,8,2,2,,0
r,18,0,0,4,9,2,2,,0
r,18,0,0,4,10,,2,,
r,18,0,0,4,11,,2,,
r,18,0,0,4,12,,2,,
r,18,0,0,4,13,,2,,
r,18,0,0,4,14,,2,,
r,18,0,0,4,15,,2,,
r,18,0,0,4,16,,0,,
r,18,0,0,4,17,,2,,
r,18,0,0,4,18,,2,,
r,18,0,0,4,19,,2,,
r,18,0,0,4,20,,2,,
r,18,0,0,4,21,,2,,
r,18,0,0,5,1,2,2,2,0
r,18,0,0,5,2,2,2,1.5,1
r,18,0,0,5,3,2,2,2,0
r,18,0,0,5,4,2,1,,0
r,18,0,0,5,5,2,2,,0
r,18,0,0,5,6,2,2,,0
r,18,0,0,5,7,2,2,,0
r,18,0,0,5,8,2,2,,0
r,18,0,0,5,9,2,2,,0
r,18,0,0,5,10,,2,,
r,18,0,0,5,11,,2,,
r,18,0,0,5,12,,2,,
r,18,0,0,5,13,,2,,
r,18,0,0,5,14,,2,,
r,18,0,0,5,15,,2,,
r,18,0,0,5,16,,2,,
r,18,0,0,5,17,,2,,
r,18,0,0,5,18,,2,,
r,18,0,0,5,19,,2,,
r,18,0,0,5,20,,2,,
r,18,0,0,5,21,,2,,
r,18,0,0,6,1,2,2,2,2
r,18,0,0,6,2,2,1,2,2
r,18,0,0,6,3,2,2,2,2
r,18,0,0,6,4,2,1,,0
r,18,0,0,6,5,1,2,,2
r,18,0,0,6,6,2,2,,2
r,18,0,0,6,7,2,2,,0
r,18,0,0,6,8,2,2,,0
r,18,0,0,6,9,0,2,,0
r,18,0,0,6,10,,2,,
r,18,0,0,6,11,,1,,
r,18,0,0,6,12,,0,,
r,18,0,0,6,13,,2,,
r,18,0,0,6,14,,2,,
r,18,0,0,6,15,,2,,
r,18,0,0,6,16,,2,,
r,18,0,0,6,17,,1,,
r,18,0,0,6,18,,1,,
r,18,0,0,6,19,,2,,
r,18,0,0,6,20,,2,,
r,18,0,0,6,21,,0.5,,
r,18,0,0,7,1,2,2,2,2
r,18,0,0,7,2,2,2,1.5,2
r,18,0,0,7,3,2,1,1,2
r,18,0,0,7,4,2,1,,0
r,18,0,0,7,5,1,2,,0.5
r,18,0,0,7,6,2,2,,1.5
r,18,0,0,7,7,2,2,,0.5
r,18,0,0,7,8,2,2,,0
r,18,0,0,7,9,2,2,,0
r,18,0,0,7,10,,2,,
r,18,0,0,7,11,,0,,
r,18,0,0,7,12,,0,,
r,18,0,0,7,13,,2,,
r,18,0,0,7,14,,2,,
r,18,0,0,7,15,,2,,
r,18,0,0,7,16,,2,,
r,18,0,0,7,17,,2,,
r,18,0,0,7,18,,2,,
r,18,0,0,7,19,,2,,
r,18,0,0,7,20,,2,,
r,18,0,0,7,21,,2,,
r,18,0,0,8,1,2,,2,0
r,18,0,0,8,2,2,,2,0
r,18,0,0,8,3,2,,2,0
r,18,0,0,8,4,2,,,0
r,18,0,0,8,5,1,,,0
r,18,0,0,8,6,2,,,0
r,18,0,0,8,7,2,,,0
r,18,0,0,8,8,2,,,0
r,18,0,0,8,9,2,,,0
r,18,0,0,8,10,,,,
r,18,0,0,8,11,,,,
r,18,0,0,8,12,,,,
r,18,0,0,8,13,,,,
r,18,0,0,8,14,,,,
r,18,0,0,8,15,,,,
r,18,0,0,8,16,,,,
r,18,0,0,8,17,,,,
r,18,0,0,8,18,,,,
r,18,0,0,8,19,,,,
r,18,0,0,8,20,,,,
r,18,0,0,8,21,,2,,
r,18,0,0,9,1,2,,2,2
r,18,0,0,9,2,2,,2,2
r,18,0,0,9,3,2,,1,2
r,18,0,0,9,4,2,,,0
r,18,0,0,9,5,1,,,2
r,18,0,0,9,6,2,,,2
r,18,0,0,9,7,1.5,,,1
r,18,0,0,9,8,2,,,0
r,18,0,0,9,9,2,,,0
r,18,0,0,9,10,,,,
r,18,0,0,9,11,,,,
r,18,0,0,9,12,,,,
r,18,0,0,9,13,,,,
r,18,0,0,9,14,,,,
r,18,0,0,9,15,,,,
r,18,0,0,9,16,,,,
r,18,0,0,9,17,,,,
r,18,0,0,9,18,,,,
r,18,0,0,9,19,,,,
r,18,0,0,9,20,,,,
r,18,0,0,9,21,,2,,
s,19,1,1,2,1,2,1,2,1
s,19,1,1,2,2,2,2,1,1
s,19,1,1,2,3,2,1,0,0
s,19,1,1,2,4,2,2,,0
s,19,1,1,2,5,1,2,,0
s,19,1,1,2,6,2,1,,0
s,19,1,1,2,7,2,2,,0
s,19,1,1,2,8,2,2,,0
s,19,1,1,2,9,2,0,,0
s,19,1,1,2,10,,1,,
s,19,1,1,2,11,,2,,
s,19,1,1,2,12,,2,,
s,19,1,1,2,13,,2,,
s,19,1,1,2,14,,2,,
s,19,1,1,2,15,,2,,
s,19,1,1,2,16,,2,,
s,19,1,1,2,17,,2,,
s,19,1,1,2,18,,1,,
s,19,1,1,2,19,,2,,
s,19,1,1,2,20,,2,,
s,19,1,1,2,21,,2,,
s,19,1,1,3,1,2,2,2,0
s,19,1,1,3,2,2,2,1.5,1
s,19,1,1,3,3,2,1,0,1
s,19,1,1,3,4,2,1,,0
s,19,1,1,3,5,2,2,,0.5
s,19,1,1,3,6,2,2,,1
s,19,1,1,3,7,2,1,,1
s,19,1,1,3,8,2,2,,0
s,19,1,1,3,9,2,1,,0
s,19,1,1,3,10,,0,,
s,19,1,1,3,11,,2,,
s,19,1,1,3,12,,2,,
s,19,1,1,3,13,,1,,
s,19,1,1,3,14,,2,,
s,19,1,1,3,15,,2,,
s,19,1,1,3,16,,2,,
s,19,1,1,3,17,,2,,
s,19,1,1,3,18,,,,
s,19,1,1,3,19,,2,,
s,19,1,1,3,20,,2,,
s,19,1,1,3,21,,2,,
s,19,1,1,4,1,2,2,2,1
s,19,1,1,4,2,2,1,1.5,2
s,19,1,1,4,3,2,0,2,1
s,19,1,1,4,4,2,2,,0
s,19,1,1,4,5,2,1,,1
s,19,1,1,4,6,1.5,2,,1
s,19,1,1,4,7,2,2,,1
s,19,1,1,4,8,2,2,,0
s,19,1,1,4,9,2,0,,0
s,19,1,1,4,10,,0,,
s,19,1,1,4,11,,2,,
s,19,1,1,4,12,,2,,
s,19,1,1,4,13,,2,,
s,19,1,1,4,14,,2,,
s,19,1,1,4,15,,1,,
s,19,1,1,4,16,,2,,
s,19,1,1,4,17,,2,,
s,19,1,1,4,18,,1,,
s,19,1,1,4,19,,2,,
s,19,1,1,4,20,,2,,
s,19,1,1,4,21,,2,,
s,19,1,1,5,1,2,2,2,0
s,19,1,1,5,2,2,2,2,0.5
s,19,1,1,5,3,2,1,2,0
s,19,1,1,5,4,2,1,,0
s,19,1,1,5,5,1,2,,0
s,19,1,1,5,6,1,2,,0
s,19,1,1,5,7,2,2,,0
s,19,1,1,5,8,2,2,,0
s,19,1,1,5,9,2,1,,1
s,19,1,1,5,10,,1,,
s,19,1,1,5,11,,1,,
s,19,1,1,5,12,,2,,
s,19,1,1,5,13,,2,,
s,19,1,1,5,14,,2,,
s,19,1,1,5,15,,2,,
s,19,1,1,5,16,,2,,
s,19,1,1,5,17,,2,,
s,19,1,1,5,18,,2,,
s,19,1,1,5,19,,2,,
s,19,1,1,5,20,,2,,
s,19,1,1,5,21,,1,,
s,19,1,1,6,1,2,2,2,1
s,19,1,1,6,2,2,2,1.5,1
s,19,1,1,6,3,2,1,2,0
s,19,1,1,6,4,1,1,,0
s,19,1,1,6,5,1,2,,0
s,19,1,1,6,6,2,2,,0
s,19,1,1,6,7,2,2,,0
s,19,1,1,6,8,2,2,,0
s,19,1,1,6,9,2,0,,0.5
s,19,1,1,6,10,,0,,
s,19,1,1,6,11,,2,,
s,19,1,1,6,12,,2,,
s,19,1,1,6,13,,2,,
s,19,1,1,6,14,,2,,
s,19,1,1,6,15,,2,,
s,19,1,1,6,16,,2,,
s,19,1,1,6,17,,2,,
s,19,1,1,6,18,,1,,
s,19,1,1,6,19,,2,,
s,19,1,1,6,20,,2,,
s,19,1,1,6,21,,2,,
s,19,1,1,7,1,2,1,2,0
s,19,1,1,7,2,2,2,2,2
s,19,1,1,7,3,2,1,2,0
s,19,1,1,7,4,2,1,,0
s,19,1,1,7,5,2,2,,1
s,19,1,1,7,6,2,2,,0
s,19,1,1,7,7,1.5,2,,0
s,19,1,1,7,8,2,2,,0
s,19,1,1,7,9,2,0,,0
s,19,1,1,7,10,,0,,
s,19,1,1,7,11,,2,,
s,19,1,1,7,12,,0,,
s,19,1,1,7,13,,2,,
s,19,1,1,7,14,,2,,
s,19,1,1,7,15,,1,,
s,19,1,1,7,16,,2,,
s,19,1,1,7,17,,2,,
s,19,1,1,7,18,,1,,
s,19,1,1,7,19,,2,,
s,19,1,1,7,20,,2,,
s,19,1,1,7,21,,2,,
s,19,1,1,8,1,2,,2,0
s,19,1,1,8,2,2,,2,1
s,19,1,1,8,3,2,,2,0
s,19,1,1,8,4,2,,,0
s,19,1,1,8,5,2,,,0
s,19,1,1,8,6,2,,,0
s,19,1,1,8,7,1,,,0
s,19,1,1,8,8,2,,,0
s,19,1,1,8,9,2,,,0
s,19,1,1,8,10,,,,
s,19,1,1,8,11,,,,
s,19,1,1,8,12,,,,
s,19,1,1,8,13,,,,
s,19,1,1,8,14,,,,
s,19,1,1,8,15,,,,
s,19,1,1,8,16,,,,
s,19,1,1,8,17,,,,
s,19,1,1,8,18,,,,
s,19,1,1,8,19,,,,
s,19,1,1,8,20,,,,
s,19,1,1,8,21,,2,,
s,19,1,1,9,1,0,,2,1
s,19,1,1,9,2,0,,2,2
s,19,1,1,9,3,0,,2,1
s,19,1,1,9,4,0,,,0
s,19,1,1,9,5,0,,,0.5
s,19,1,1,9,6,0,,,0.5
s,19,1,1,9,7,0,,,0
s,19,1,1,9,8,2,,,0
s,19,1,1,9,9,2,,,0
s,19,1,1,9,10,,,,
s,19,1,1,9,11,,,,
s,19,1,1,9,12,,,,
s,19,1,1,9,13,,,,
s,19,1,1,9,14,,,,
s,19,1,1,9,15,,,,
s,19,1,1,9,16,,,,
s,19,1,1,9,17,,,,
s,19,1,1,9,18,,,,
s,19,1,1,9,19,,,,
s,19,1,1,9,20,,,,
s,19,1,1,9,21,,2,,
t,20,0,1,2,1,2,2,2,0
t,20,0,1,2,2,1.5,2,2,1
t,20,0,1,2,3,2,2,2,0.5
t,20,0,1,2,4,2,1,,0
t,20,0,1,2,5,2,2,,0
t,20,0,1,2,6,2,1,,0
t,20,0,1,2,7,2,1,,0
t,20,0,1,2,8,2,2,,0
t,20,0,1,2,9,2,1,,0
t,20,0,1,2,10,,2,,
t,20,0,1,2,11,,2,,
t,20,0,1,2,12,,2,,
t,20,0,1,2,13,,2,,
t,20,0,1,2,14,,2,,
t,20,0,1,2,15,,2,,
t,20,0,1,2,16,,2,,
t,20,0,1,2,17,,2,,
t,20,0,1,2,18,,1,,
t,20,0,1,2,19,,2,,
t,20,0,1,2,20,,2,,
t,20,0,1,2,21,,2,,
t,20,0,1,3,1,2,2,2,0
t,20,0,1,3,2,2,1,2,0
t,20,0,1,3,3,2,2,2,0
t,20,0,1,3,4,2,1,,0
t,20,0,1,3,5,2,2,,0
t,20,0,1,3,6,1,2,,0
t,20,0,1,3,7,1.5,2,,0
t,20,0,1,3,8,2,2,,0
t,20,0,1,3,9,2,2,,0
t,20,0,1,3,10,,2,,
t,20,0,1,3,11,,2,,
t,20,0,1,3,12,,2,,
t,20,0,1,3,13,,2,,
t,20,0,1,3,14,,2,,
t,20,0,1,3,15,,2,,
t,20,0,1,3,16,,2,,
t,20,0,1,3,17,,2,,
t,20,0,1,3,18,,2,,
t,20,0,1,3,19,,2,,
t,20,0,1,3,20,,2,,
t,20,0,1,3,21,,2,,
t,20,0,1,4,1,2,2,2,1
t,20,0,1,4,2,2,2,2,0
t,20,0,1,4,3,2,2,2,0
t,20,0,1,4,4,2,1,,0
t,20,0,1,4,5,1,2,,0
t,20,0,1,4,6,1,1.5,,0
t,20,0,1,4,7,1.5,2,,0
t,20,0,1,4,8,2,2,,0
t,20,0,1,4,9,2,2,,0
t,20,0,1,4,10,,2,,
t,20,0,1,4,11,,2,,
t,20,0,1,4,12,,2,,
t,20,0,1,4,13,,2,,
t,20,0,1,4,14,,2,,
t,20,0,1,4,15,,2,,
t,20,0,1,4,16,,1,,
t,20,0,1,4,17,,2,,
t,20,0,1,4,18,,2,,
t,20,0,1,4,19,,2,,
t,20,0,1,4,20,,2,,
t,20,0,1,4,21,,2,,
t,20,0,1,5,1,2,1,2,0
t,20,0,1,5,2,2,2,2,0
t,20,0,1,5,3,2,2,2,0
t,20,0,1,5,4,2,2,,0
t,20,0,1,5,5,1,2,,0
t,20,0,1,5,6,2,1,,0
t,20,0,1,5,7,2,2,,0
t,20,0,1,5,8,2,2,,0
t,20,0,1,5,9,2,2,,0
t,20,0,1,5,10,,2,,
t,20,0,1,5,11,,0,,
t,20,0,1,5,12,,1,,
t,20,0,1,5,13,,2,,
t,20,0,1,5,14,,2,,
t,20,0,1,5,15,,2,,
t,20,0,1,5,16,,2,,
t,20,0,1,5,17,,2,,
t,20,0,1,5,18,,2,,
t,20,0,1,5,19,,2,,
t,20,0,1,5,20,,2,,
t,20,0,1,5,21,,2,,
t,20,0,1,6,1,2,2,2,0
t,20,0,1,6,2,2,2,2,0
t,20,0,1,6,3,2,2,2,0
t,20,0,1,6,4,2,2,,0
t,20,0,1,6,5,2,1,,0
t,20,0,1,6,6,2,2,,0
t,20,0,1,6,7,2,2,,0
t,20,0,1,6,8,2,2,,0
t,20,0,1,6,9,2,2,,0
t,20,0,1,6,10,,2,,
t,20,0,1,6,11,,2,,
t,20,0,1,6,12,,2,,
t,20,0,1,6,13,,2,,
t,20,0,1,6,14,,2,,
t,20,0,1,6,15,,2,,
t,20,0,1,6,16,,2,,
t,20,0,1,6,17,,2,,
t,20,0,1,6,18,,1,,
t,20,0,1,6,19,,2,,
t,20,0,1,6,20,,2,,
t,20,0,1,6,21,,2,,
t,20,0,1,7,1,2,1.5,2,0
t,20,0,1,7,2,2,1.5,2,0
t,20,0,1,7,3,2,2,2,0
t,20,0,1,7,4,2,1,,0
t,20,0,1,7,5,2,2,,0
t,20,0,1,7,6,1,2,,0
t,20,0,1,7,7,2,2,,0
t,20,0,1,7,8,2,2,,0
t,20,0,1,7,9,2,2,,0
t,20,0,1,7,10,,2,,
t,20,0,1,7,11,,1.5,,
t,20,0,1,7,12,,1.5,,
t,20,0,1,7,13,,2,,
t,20,0,1,7,14,,2,,
t,20,0,1,7,15,,2,,
t,20,0,1,7,16,,0.5,,
t,20,0,1,7,17,,2,,
t,20,0,1,7,18,,2,,
t,20,0,1,7,19,,2,,
t,20,0,1,7,20,,2,,
t,20,0,1,7,21,,2,,
t,20,0,1,8,1,2,,2,0
t,20,0,1,8,2,2,,2,0
t,20,0,1,8,3,2,,2,0
t,20,0,1,8,4,2,,,0
t,20,0,1,8,5,1.5,,,0
t,20,0,1,8,6,1.5,,,0
t,20,0,1,8,7,2,,,0
t,20,0,1,8,8,2,,,0
t,20,0,1,8,9,2,,,0
t,20,0,1,8,10,,,,
t,20,0,1,8,11,,,,
t,20,0,1,8,12,,,,
t,20,0,1,8,13,,,,
t,20,0,1,8,14,,,,
t,20,0,1,8,15,,,,
t,20,0,1,8,16,,,,
t,20,0,1,8,17,,,,
t,20,0,1,8,18,,,,
t,20,0,1,8,19,,,,
t,20,0,1,8,20,,,,
t,20,0,1,8,21,,2,,
t,20,0,1,9,1,2,,2,0
t,20,0,1,9,2,2,,2,0
t,20,0,1,9,3,2,,2,0
t,20,0,1,9,4,2,,,1
t,20,0,1,9,5,2,,,0
t,20,0,1,9,6,2,,,0
t,20,0,1,9,7,2,,,0
t,20,0,1,9,8,2,,,0
t,20,0,1,9,9,2,,,0
t,20,0,1,9,10,,,,
t,20,0,1,9,11,,,,
t,20,0,1,9,12,,,,
t,20,0,1,9,13,,,,
t,20,0,1,9,14,,,,
t,20,0,1,9,15,,,,
t,20,0,1,9,16,,,,
t,20,0,1,9,17,,,,
t,20,0,1,9,18,,,,
t,20,0,1,9,19,,,,
t,20,0,1,9,20,,,,
t,20,0,1,9,21,,2,,
u,21,0,1,2,1,2,2,2,1
u,21,0,1,2,2,2,2,1,1
u,21,0,1,2,3,2,2,2,0
u,21,0,1,2,4,2,2,,0
u,21,0,1,2,5,2,1,,0
u,21,0,1,2,6,2,2,,0
u,21,0,1,2,7,2,2,,0
u,21,0,1,2,8,2,2,,0
u,21,0,1,2,9,2,1,,0
u,21,0,1,2,10,,0,,
u,21,0,1,2,11,,2,,
u,21,0,1,2,12,,2,,
u,21,0,1,2,13,,2,,
u,21,0,1,2,14,,2,,
u,21,0,1,2,15,,2,,
u,21,0,1,2,16,,2,,
u,21,0,1,2,17,,2,,
u,21,0,1,2,18,,2,,
u,21,0,1,2,19,,2,,
u,21,0,1,2,20,,2,,
u,21,0,1,2,21,,2,,
u,21,0,1,3,1,2,2,2,0
u,21,0,1,3,2,2,2,1,0
u,21,0,1,3,3,2,2,2,0
u,21,0,1,3,4,2,2,,1
u,21,0,1,3,5,2,1,,0
u,21,0,1,3,6,2,2,,0
u,21,0,1,3,7,2,2,,0
u,21,0,1,3,8,2,2,,0
u,21,0,1,3,9,2,2,,0
u,21,0,1,3,10,,2,,
u,21,0,1,3,11,,2,,
u,21,0,1,3,12,,2,,
u,21,0,1,3,13,,2,,
u,21,0,1,3,14,,2,,
u,21,0,1,3,15,,2,,
u,21,0,1,3,16,,2,,
u,21,0,1,3,17,,2,,
u,21,0,1,3,18,,2,,
u,21,0,1,3,19,,2,,
u,21,0,1,3,20,,2,,
u,21,0,1,3,21,,2,,
u,21,0,1,4,1,2,2,2,0
u,21,0,1,4,2,2,2,1.5,0
u,21,0,1,4,3,2,2,1,0
u,21,0,1,4,4,2,2,,0
u,21,0,1,4,5,2,1,,0
u,21,0,1,4,6,2,1,,0
u,21,0,1,4,7,2,1,,0
u,21,0,1,4,8,2,1,,0
u,21,0,1,4,9,2,1,,0
u,21,0,1,4,10,,2,,
u,21,0,1,4,11,,2,,
u,21,0,1,4,12,,2,,
u,21,0,1,4,13,,2,,
u,21,0,1,4,14,,2,,
u,21,0,1,4,15,,2,,
u,21,0,1,4,16,,1,,
u,21,0,1,4,17,,2,,
u,21,0,1,4,18,,2,,
u,21,0,1,4,19,,2,,
u,21,0,1,4,20,,2,,
u,21,0,1,4,21,,1.5,,
u,21,0,1,5,1,2,2,2,0
u,21,0,1,5,2,2,1,1.5,0
u,21,0,1,5,3,2,2,2,0
u,21,0,1,5,4,2,1,,0
u,21,0,1,5,5,2,2,,0
u,21,0,1,5,6,2,1,,0
u,21,0,1,5,7,2,2,,0
u,21,0,1,5,8,2,1,,0
u,21,0,1,5,9,2,2,,0
u,21,0,1,5,10,,2,,
u,21,0,1,5,11,,2,,
u,21,0,1,5,12,,2,,
u,21,0,1,5,13,,2,,
u,21,0,1,5,14,,2,,
u,21,0,1,5,15,,2,,
u,21,0,1,5,16,,2,,
u,21,0,1,5,17,,2,,
u,21,0,1,5,18,,2,,
u,21,0,1,5,19,,2,,
u,21,0,1,5,20,,2,,
u,21,0,1,5,21,,2,,
u,21,0,1,6,1,2,2,2,0
u,21,0,1,6,2,2,2,1,0
u,21,0,1,6,3,2,1.5,2,0
u,21,0,1,6,4,2,1,,0
u,21,0,1,6,5,2,2,,0
u,21,0,1,6,6,2,1,,0
u,21,0,1,6,7,2,2,,0
u,21,0,1,6,8,2,2,,0
u,21,0,1,6,9,2,2,,0
u,21,0,1,6,10,,1.5,,
u,21,0,1,6,11,,1,,
u,21,0,1,6,12,,0,,
u,21,0,1,6,13,,2,,
u,21,0,1,6,14,,2,,
u,21,0,1,6,15,,2,,
u,21,0,1,6,16,,1,,
u,21,0,1,6,17,,2,,
u,21,0,1,6,18,,2,,
u,21,0,1,6,19,,2,,
u,21,0,1,6,20,,2,,
u,21,0,1,6,21,,2,,
u,21,0,1,7,1,2,1,2,0
u,21,0,1,7,2,2,1,1.5,0
u,21,0,1,7,3,2,1,2,0
u,21,0,1,7,4,2,2,,0
u,21,0,1,7,5,2,2,,0
u,21,0,1,7,6,2,2,,0
u,21,0,1,7,7,2,2,,0
u,21,0,1,7,8,2,2,,0
u,21,0,1,7,9,2,2,,0
u,21,0,1,7,10,,2,,
u,21,0,1,7,11,,0,,
u,21,0,1,7,12,,0,,
u,21,0,1,7,13,,2,,
u,21,0,1,7,14,,2,,
u,21,0,1,7,15,,2,,
u,21,0,1,7,16,,2,,
u,21,0,1,7,17,,2,,
u,21,0,1,7,18,,2,,
u,21,0,1,7,19,,2,,
u,21,0,1,7,20,,2,,
u,21,0,1,7,21,,2,,
u,21,0,1,8,1,2,,2,0
u,21,0,1,8,2,2,,0.5,0
u,21,0,1,8,3,2,,2,0
u,21,0,1,8,4,2,,,0
u,21,0,1,8,5,2,,,0
u,21,0,1,8,6,2,,,0
u,21,0,1,8,7,2,,,0
u,21,0,1,8,8,2,,,0
u,21,0,1,8,9,2,,,0
u,21,0,1,8,10,,,,
u,21,0,1,8,11,,,,
u,21,0,1,8,12,,,,
u,21,0,1,8,13,,,,
u,21,0,1,8,14,,,,
u,21,0,1,8,15,,,,
u,21,0,1,8,16,,,,
u,21,0,1,8,17,,,,
u,21,0,1,8,18,,,,
u,21,0,1,8,19,,,,
u,21,0,1,8,20,,,,
u,21,0,1,8,21,,2,,
u,21,0,1,9,1,2,,2,0
u,21,0,1,9,2,2,,2,0
u,21,0,1,9,3,2,,2,0
u,21,0,1,9,4,2,,,0
u,21,0,1,9,5,2,,,0
u,21,0,1,9,6,2,,,0
u,21,0,1,9,7,2,,,0
u,21,0,1,9,8,2,,,0
u,21,0,1,9,9,2,,,0
u,21,0,1,9,10,,,,
u,21,0,1,9,11,,,,
u,21,0,1,9,12,,,,
u,21,0,1,9,13,,,,
u,21,0,1,9,14,,,,
u,21,0,1,9,15,,,,
u,21,0,1,9,16,,,,
u,21,0,1,9,17,,,,
u,21,0,1,9,18,,,,
u,21,0,1,9,19,,,,
u,21,0,1,9,20,,,,
u,21,0,1,9,21,,2,,
v,22,0,1,2,1,2,2,2,0
v,22,0,1,2,2,2,2,1,1
v,22,0,1,2,3,2,2,1,1
v,22,0,1,2,4,2,1,,0
v,22,0,1,2,5,2,2,,0
v,22,0,1,2,6,2,1,,0
v,22,0,1,2,7,2,2,,0
v,22,0,1,2,8,2,2,,0
v,22,0,1,2,9,2,2,,0
v,22,0,1,2,10,,2,,
v,22,0,1,2,11,,2,,
v,22,0,1,2,12,,2,,
v,22,0,1,2,13,,2,,
v,22,0,1,2,14,,2,,
v,22,0,1,2,15,,2,,
v,22,0,1,2,16,,2,,
v,22,0,1,2,17,,2,,
v,22,0,1,2,18,,1,,
v,22,0,1,2,19,,2,,
v,22,0,1,2,20,,2,,
v,22,0,1,2,21,,2,,
v,22,0,1,3,1,2,1,2,0
v,22,0,1,3,2,2,2,1,1.5
v,22,0,1,3,3,2,2,1,0.5
v,22,0,1,3,4,2,1,,0
v,22,0,1,3,5,2,1,,0
v,22,0,1,3,6,2,1,,1
v,22,0,1,3,7,2,2,,1
v,22,0,1,3,8,2,2,,0
v,22,0,1,3,9,2,2,,0.5
v,22,0,1,3,10,,2,,
v,22,0,1,3,11,,2,,
v,22,0,1,3,12,,2,,
v,22,0,1,3,13,,2,,
v,22,0,1,3,14,,2,,
v,22,0,1,3,15,,2,,
v,22,0,1,3,16,,2,,
v,22,0,1,3,17,,2,,
v,22,0,1,3,18,,2,,
v,22,0,1,3,19,,1,,
v,22,0,1,3,20,,2,,
v,22,0,1,3,21,,2,,
v,22,0,1,4,1,2,2,1.5,2
v,22,0,1,4,2,2,2,0.5,1.5
v,22,0,1,4,3,2,1,2,1
v,22,0,1,4,4,2,1,,0
v,22,0,1,4,5,2,2,,1
v,22,0,1,4,6,2,2,,1
v,22,0,1,4,7,2,1,,1
v,22,0,1,4,8,2,2,,0
v,22,0,1,4,9,1,2,,0
v,22,0,1,4,10,,2,,
v,22,0,1,4,11,,0,,
v,22,0,1,4,12,,0,,
v,22,0,1,4,13,,2,,
v,22,0,1,4,14,,2,,
v,22,0,1,4,15,,2,,
v,22,0,1,4,16,,2,,
v,22,0,1,4,17,,2,,
v,22,0,1,4,18,,2,,
v,22,0,1,4,19,,2,,
v,22,0,1,4,20,,2,,
v,22,0,1,4,21,,2,,
v,22,0,1,5,1,2,1,2,0
v,22,0,1,5,2,2,0,1,1
v,22,0,1,5,3,2,2,2,0
v,22,0,1,5,4,2,1,,0
v,22,0,1,5,5,1,2,,0
v,22,0,1,5,6,2,2,,0
v,22,0,1,5,7,2,2,,0
v,22,0,1,5,8,2,2,,0
v,22,0,1,5,9,2,2,,0
v,22,0,1,5,10,,2,,
v,22,0,1,5,11,,1.5,,
v,22,0,1,5,12,,1.5,,
v,22,0,1,5,13,,2,,
v,22,0,1,5,14,,2,,
v,22,0,1,5,15,,2,,
v,22,0,1,5,16,,2,,
v,22,0,1,5,17,,2,,
v,22,0,1,5,18,,2,,
v,22,0,1,5,19,,2,,
v,22,0,1,5,20,,2,,
v,22,0,1,5,21,,2,,
v,22,0,1,6,1,2,2,2,0
v,22,0,1,6,2,2,1,1,1
v,22,0,1,6,3,2,2,1,1
v,22,0,1,6,4,2,1,,0
v,22,0,1,6,5,2,2,,0
v,22,0,1,6,6,1,2,,0
v,22,0,1,6,7,2,2,,0
v,22,0,1,6,8,2,2,,0
v,22,0,1,6,9,2,1,,0
v,22,0,1,6,10,,2,,
v,22,0,1,6,11,,0,,
v,22,0,1,6,12,,0,,
v,22,0,1,6,13,,2,,
v,22,0,1,6,14,,2,,
v,22,0,1,6,15,,2,,
v,22,0,1,6,16,,1,,
v,22,0,1,6,17,,2,,
v,22,0,1,6,18,,2,,
v,22,0,1,6,19,,2,,
v,22,0,1,6,20,,2,,
v,22,0,1,6,21,,2,,
v,22,0,1,7,1,2,1.5,2,0
v,22,0,1,7,2,2,2,1.5,0
v,22,0,1,7,3,2,1,2,0
v,22,0,1,7,4,2,1,,0
v,22,0,1,7,5,2,2,,0
v,22,0,1,7,6,2,2,,0
v,22,0,1,7,7,2,2,,0
v,22,0,1,7,8,2,2,,0
v,22,0,1,7,9,2,2,,0
v,22,0,1,7,10,,2,,
v,22,0,1,7,11,,2,,
v,22,0,1,7,12,,2,,
v,22,0,1,7,13,,2,,
v,22,0,1,7,14,,2,,
v,22,0,1,7,15,,2,,
v,22,0,1,7,16,,1,,
v,22,0,1,7,17,,2,,
v,22,0,1,7,18,,2,,
v,22,0,1,7,19,,2,,
v,22,0,1,7,20,,2,,
v,22,0,1,7,21,,2,,
v,22,0,1,8,1,2,,2,0
v,22,0,1,8,2,2,,2,0
v,22,0,1,8,3,2,,2,0
v,22,0,1,8,4,2,,,0
v,22,0,1,8,5,2,,,0
v,22,0,1,8,6,2,,,0
v,22,0,1,8,7,2,,,0
v,22,0,1,8,8,2,,,0
v,22,0,1,8,9,2,,,0
v,22,0,1,8,10,,,,
v,22,0,1,8,11,,,,
v,22,0,1,8,12,,,,
v,22,0,1,8,13,,,,
v,22,0,1,8,14,,,,
v,22,0,1,8,15,,,,
v,22,0,1,8,16,,,,
v,22,0,1,8,17,,,,
v,22,0,1,8,18,,,,
v,22,0,1,8,19,,,,
v,22,0,1,8,20,,,,
v,22,0,1,8,21,,1,,
v,22,0,1,9,1,2,,2,0
v,22,0,1,9,2,2,,2,0
v,22,0,1,9,3,2,,2,0
v,22,0,1,9,4,2,,,0
v,22,0,1,9,5,2,,,0
v,22,0,1,9,6,2,,,0
v,22,0,1,9,7,1.5,,,0
v,22,0,1,9,8,2,,,0
v,22,0,1,9,9,2,,,0
v,22,0,1,9,10,,,,
v,22,0,1,9,11,,,,
v,22,0,1,9,12,,,,
v,22,0,1,9,13,,,,
v,22,0,1,9,14,,,,
v,22,0,1,9,15,,,,
v,22,0,1,9,16,,,,
v,22,0,1,9,17,,,,
v,22,0,1,9,18,,,,
v,22,0,1,9,19,,,,
v,22,0,1,9,20,,,,
v,22,0,1,9,21,,2,,
w,23,1,1,2,1,2,2,2,0
w,23,1,1,2,2,2,2,2,1
w,23,1,1,2,3,2,2,2,0
w,23,1,1,2,4,2,1,,0
w,23,1,1,2,5,2,2,,0
w,23,1,1,2,6,2,1,,0
w,23,1,1,2,7,2,2,,0
w,23,1,1,2,8,2,1,,0
w,23,1,1,2,9,2,2,,0
w,23,1,1,2,10,,1,,
w,23,1,1,2,11,,1,,
w,23,1,1,2,12,,2,,
w,23,1,1,2,13,,2,,
w,23,1,1,2,14,,2,,
w,23,1,1,2,15,,2,,
w,23,1,1,2,16,,1,,
w,23,1,1,2,17,,2,,
w,23,1,1,2,18,,1,,
w,23,1,1,2,19,,2,,
w,23,1,1,2,20,,2,,
w,23,1,1,2,21,,2,,
w,23,1,1,3,1,2,2,2,0
w,23,1,1,3,2,2,2,2,0
w,23,1,1,3,3,2,2,2,0
w,23,1,1,3,4,2,2,,1
w,23,1,1,3,5,2,1,,0
w,23,1,1,3,6,2,2,,0
w,23,1,1,3,7,2,2,,0
w,23,1,1,3,8,2,2,,0
w,23,1,1,3,9,2,0,,0
w,23,1,1,3,10,,0,,
w,23,1,1,3,11,,2,,
w,23,1,1,3,12,,2,,
w,23,1,1,3,13,,2,,
w,23,1,1,3,14,,2,,
w,23,1,1,3,15,,2,,
w,23,1,1,3,16,,2,,
w,23,1,1,3,17,,2,,
w,23,1,1,3,18,,2,,
w,23,1,1,3,19,,2,,
w,23,1,1,3,20,,2,,
w,23,1,1,3,21,,2,,
w,23,1,1,4,1,2,2,2,0
w,23,1,1,4,2,2,2,1.5,1
w,23,1,1,4,3,2,1,2,0
w,23,1,1,4,4,2,2,,0
w,23,1,1,4,5,2,1,,0
w,23,1,1,4,6,2,1,,0
w,23,1,1,4,7,2,2,,0
w,23,1,1,4,8,2,1,,0
w,23,1,1,4,9,2,1,,0
w,23,1,1,4,10,,1,,
w,23,1,1,4,11,,2,,
w,23,1,1,4,12,,2,,
w,23,1,1,4,13,,2,,
w,23,1,1,4,14,,2,,
w,23,1,1,4,15,,2,,
w,23,1,1,4,16,,1,,
w,23,1,1,4,17,,2,,
w,23,1,1,4,18,,1,,
w,23,1,1,4,19,,2,,
w,23,1,1,4,20,,2,,
w,23,1,1,4,21,,0.5,,
w,23,1,1,5,1,2,2,2,0
w,23,1,1,5,2,2,2,1.5,1
w,23,1,1,5,3,2,1,1,0
w,23,1,1,5,4,2,2,,0
w,23,1,1,5,5,1,2,,0
w,23,1,1,5,6,1,2,,0
w,23,1,1,5,7,2,2,,0
w,23,1,1,5,8,2,2,,0
w,23,1,1,5,9,2,1,,1.5
w,23,1,1,5,10,,1,,
w,23,1,1,5,11,,0,,
w,23,1,1,5,12,,0,,
w,23,1,1,5,13,,2,,
w,23,1,1,5,14,,2,,
w,23,1,1,5,15,,2,,
w,23,1,1,5,16,,1,,
w,23,1,1,5,17,,2,,
w,23,1,1,5,18,,2,,
w,23,1,1,5,19,,2,,
w,23,1,1,5,20,,2,,
w,23,1,1,5,21,,2,,
w,23,1,1,6,1,2,1,2,0
w,23,1,1,6,2,2,2,1,0
w,23,1,1,6,3,2,2,1,0
w,23,1,1,6,4,2,1,,0
w,23,1,1,6,5,2,2,,0
w,23,1,1,6,6,2,2,,0
w,23,1,1,6,7,2,2,,0
w,23,1,1,6,8,2,2,,0
w,23,1,1,6,9,2,2,,1.5
w,23,1,1,6,10,,2,,
w,23,1,1,6,11,,2,,
w,23,1,1,6,12,,2,,
w,23,1,1,6,13,,2,,
w,23,1,1,6,14,,2,,
w,23,1,1,6,15,,2,,
w,23,1,1,6,16,,1,,
w,23,1,1,6,17,,2,,
w,23,1,1,6,18,,2,,
w,23,1,1,6,19,,2,,
w,23,1,1,6,20,,2,,
w,23,1,1,6,21,,2,,
w,23,1,1,7,1,2,1,2,1
w,23,1,1,7,2,2,2,1,2
w,23,1,1,7,3,2,2,1,0
w,23,1,1,7,4,2,2,,0
w,23,1,1,7,5,2,2,,0
w,23,1,1,7,6,1,2,,0.5
w,23,1,1,7,7,2,2,,1
w,23,1,1,7,8,2,2,,0
w,23,1,1,7,9,2,0,,0
w,23,1,1,7,10,,0,,
w,23,1,1,7,11,,2,,
w,23,1,1,7,12,,2,,
w,23,1,1,7,13,,2,,
w,23,1,1,7,14,,2,,
w,23,1,1,7,15,,2,,
w,23,1,1,7,16,,2,,
w,23,1,1,7,17,,2,,
w,23,1,1,7,18,,2,,
w,23,1,1,7,19,,2,,
w,23,1,1,7,20,,2,,
w,23,1,1,7,21,,2,,
w,23,1,1,8,1,2,,2,0
w,23,1,1,8,2,2,,2,0
w,23,1,1,8,3,2,,2,0
w,23,1,1,8,4,2,,,0
w,23,1,1,8,5,2,,,0
w,23,1,1,8,6,2,,,0
w,23,1,1,8,7,1.5,,,0
w,23,1,1,8,8,2,,,0
w,23,1,1,8,9,2,,,0
w,23,1,1,8,10,,,,
w,23,1,1,8,11,,,,
w,23,1,1,8,12,,,,
w,23,1,1,8,13,,,,
w,23,1,1,8,14,,,,
w,23,1,1,8,15,,,,
w,23,1,1,8,16,,,,
w,23,1,1,8,17,,,,
w,23,1,1,8,18,,,,
w,23,1,1,8,19,,,,
w,23,1,1,8,20,,,,
w,23,1,1,8,21,,2,,
w,23,1,1,9,1,0,,2,2
w,23,1,1,9,2,0,,2,2
w,23,1,1,9,3,0,,2,1.5
w,23,1,1,9,4,0,,,0
w,23,1,1,9,5,0,,,0
w,23,1,1,9,6,0,,,1
w,23,1,1,9,7,0,,,1
w,23,1,1,9,8,2,,,0
w,23,1,1,9,9,2,,,0
w,23,1,1,9,10,,,,
w,23,1,1,9,11,,,,
w,23,1,1,9,12,,,,
w,23,1,1,9,13,,,,
w,23,1,1,9,14,,,,
w,23,1,1,9,15,,,,
w,23,1,1,9,16,,,,
w,23,1,1,9,17,,,,
w,23,1,1,9,18,,,,
w,23,1,1,9,19,,,,
w,23,1,1,9,20,,,,
w,23,1,1,9,21,,2,,
x,24,1,1,2,1,2,2,2,1
x,24,1,1,2,2,2,2,2,1
x,24,1,1,2,3,2,2,2,0
x,24,1,1,2,4,2,2,,0
x,24,1,1,2,5,2,2,,0
x,24,1,1,2,6,2,2,,0
x,24,1,1,2,7,2,2,,0
x,24,1,1,2,8,2,2,,0
x,24,1,1,2,9,2,0,,0
x,24,1,1,2,10,,0,,
x,24,1,1,2,11,,2,,
x,24,1,1,2,12,,2,,
x,24,1,1,2,13,,2,,
x,24,1,1,2,14,,2,,
x,24,1,1,2,15,,2,,
x,24,1,1,2,16,,1,,
x,24,1,1,2,17,,2,,
x,24,1,1,2,18,,2,,
x,24,1,1,2,19,,2,,
x,24,1,1,2,20,,2,,
x,24,1,1,2,21,,2,,
x,24,1,1,3,1,2,2,2,0
x,24,1,1,3,2,2,2,2,0
x,24,1,1,3,3,2,2,2,0
x,24,1,1,3,4,2,2,,0
x,24,1,1,3,5,1.5,2,,0
x,24,1,1,3,6,2,2,,0
x,24,1,1,3,7,2,2,,0
x,24,1,1,3,8,2,2,,0
x,24,1,1,3,9,2,1,,0
x,24,1,1,3,10,,1,,
x,24,1,1,3,11,,2,,
x,24,1,1,3,12,,2,,
x,24,1,1,3,13,,2,,
x,24,1,1,3,14,,2,,
x,24,1,1,3,15,,2,,
x,24,1,1,3,16,,2,,
x,24,1,1,3,17,,2,,
x,24,1,1,3,18,,2,,
x,24,1,1,3,19,,2,,
x,24,1,1,3,20,,2,,
x,24,1,1,3,21,,2,,
x,24,1,1,4,1,2,2,2,2
x,24,1,1,4,2,2,2,2,2
x,24,1,1,4,3,2,2,2,2
x,24,1,1,4,4,2,2,,0
x,24,1,1,4,5,1,2,,1.5
x,24,1,1,4,6,1,1,,0.5
x,24,1,1,4,7,2,2,,1
x,24,1,1,4,8,2,1,,0
x,24,1,1,4,9,2,1.5,,1.5
x,24,1,1,4,10,,1.5,,
x,24,1,1,4,11,,0,,
x,24,1,1,4,12,,0,,
x,24,1,1,4,13,,2,,
x,24,1,1,4,14,,2,,
x,24,1,1,4,15,,2,,
x,24,1,1,4,16,,2,,
x,24,1,1,4,17,,2,,
x,24,1,1,4,18,,1,,
x,24,1,1,4,19,,2,,
x,24,1,1,4,20,,2,,
x,24,1,1,4,21,,2,,
x,24,1,1,5,1,2,2,2,0
x,24,1,1,5,2,2,2,2,0
x,24,1,1,5,3,2,1,2,0
x,24,1,1,5,4,2,2,,0
x,24,1,1,5,5,2,2,,0
x,24,1,1,5,6,2,0,,0
x,24,1,1,5,7,2,2,,0
x,24,1,1,5,8,2,2,,0
x,24,1,1,5,9,2,2,,1
x,24,1,1,5,10,,2,,
x,24,1,1,5,11,,2,,
x,24,1,1,5,12,,2,,
x,24,1,1,5,13,,2,,
x,24,1,1,5,14,,2,,
x,24,1,1,5,15,,2,,
x,24,1,1,5,16,,1,,
x,24,1,1,5,17,,2,,
x,24,1,1,5,18,,2,,
x,24,1,1,5,19,,2,,
x,24,1,1,5,20,,2,,
x,24,1,1,5,21,,2,,
x,24,1,1,6,1,2,2,2,0
x,24,1,1,6,2,2,2,2,2
x,24,1,1,6,3,2,1,2,0
x,24,1,1,6,4,2,1,,0
x,24,1,1,6,5,2,2,,0
x,24,1,1,6,6,1,1,,0
x,24,1,1,6,7,2,2,,0
x,24,1,1,6,8,2,2,,0
x,24,1,1,6,9,2,2,,0
x,24,1,1,6,10,,2,,
x,24,1,1,6,11,,1.5,,
x,24,1,1,6,12,,1.5,,
x,24,1,1,6,13,,2,,
x,24,1,1,6,14,,2,,
x,24,1,1,6,15,,2,,
x,24,1,1,6,16,,2,,
x,24,1,1,6,17,,2,,
x,24,1,1,6,18,,2,,
x,24,1,1,6,19,,2,,
x,24,1,1,6,20,,2,,
x,24,1,1,6,21,,2,,
x,24,1,1,7,1,2,2,2,0
x,24,1,1,7,2,2,2,2,0
x,24,1,1,7,3,2,2,2,1
x,24,1,1,7,4,2,2,,0
x,24,1,1,7,5,2,2,,0
x,24,1,1,7,6,2,2,,0
x,24,1,1,7,7,2,2,,0
x,24,1,1,7,8,2,2,,0
x,24,1,1,7,9,2,2,,0
x,24,1,1,7,10,,1,,
x,24,1,1,7,11,,0,,
x,24,1,1,7,12,,0,,
x,24,1,1,7,13,,2,,
x,24,1,1,7,14,,2,,
x,24,1,1,7,15,,2,,
x,24,1,1,7,16,,2,,
x,24,1,1,7,17,,2,,
x,24,1,1,7,18,,2,,
x,24,1,1,7,19,,2,,
x,24,1,1,7,20,,2,,
x,24,1,1,7,21,,2,,
x,24,1,1,8,1,2,,2,0
x,24,1,1,8,2,2,,2,0
x,24,1,1,8,3,2,,2,0
x,24,1,1,8,4,2,,,0
x,24,1,1,8,5,2,,,0
x,24,1,1,8,6,2,,,0
x,24,1,1,8,7,2,,,0
x,24,1,1,8,8,2,,,0
x,24,1,1,8,9,2,,,0
x,24,1,1,8,10,,,,
x,24,1,1,8,11,,,,
x,24,1,1,8,12,,,,
x,24,1,1,8,13,,,,
x,24,1,1,8,14,,,,
x,24,1,1,8,15,,,,
x,24,1,1,8,16,,,,
x,24,1,1,8,17,,,,
x,24,1,1,8,18,,,,
x,24,1,1,8,19,,,,
x,24,1,1,8,20,,,,
x,24,1,1,8,21,,2,,
x,24,1,1,9,1,2,,2,0
x,24,1,1,9,2,2,,2,0
x,24,1,1,9,3,2,,2,0
x,24,1,1,9,4,2,,,0
x,24,1,1,9,5,2,,,0
x,24,1,1,9,6,2,,,0
x,24,1,1,9,7,2,,,0
x,24,1,1,9,8,2,,,0
x,24,1,1,9,9,2,,,0
x,24,1,1,9,10,,,,
x,24,1,1,9,11,,,,
x,24,1,1,9,12,,,,
x,24,1,1,9,13,,,,
x,24,1,1,9,14,,,,
x,24,1,1,9,15,,,,
x,24,1,1,9,16,,,,
x,24,1,1,9,17,,,,
x,24,1,1,9,18,,,,
x,24,1,1,9,19,,,,
x,24,1,1,9,20,,,,
x,24,1,1,9,21,,2,,
